CREATE DATABASE  IF NOT EXISTS `phucxfoodshop` /*!40100 DEFAULT CHARACTER SET utf8mb4 COLLATE utf8mb4_0900_ai_ci */ /*!80016 DEFAULT ENCRYPTION='N' */;
USE `phucxfoodshop`;
-- MySQL dump 10.13  Distrib 8.0.38, for Win64 (x86_64)
--
-- Host: localhost    Database: phucxfoodshop
-- ------------------------------------------------------
-- Server version	9.0.1

/*!40101 SET @OLD_CHARACTER_SET_CLIENT=@@CHARACTER_SET_CLIENT */;
/*!40101 SET @OLD_CHARACTER_SET_RESULTS=@@CHARACTER_SET_RESULTS */;
/*!40101 SET @OLD_COLLATION_CONNECTION=@@COLLATION_CONNECTION */;
/*!50503 SET NAMES utf8 */;
/*!40103 SET @OLD_TIME_ZONE=@@TIME_ZONE */;
/*!40103 SET TIME_ZONE='+00:00' */;
/*!40014 SET @OLD_UNIQUE_CHECKS=@@UNIQUE_CHECKS, UNIQUE_CHECKS=0 */;
/*!40014 SET @OLD_FOREIGN_KEY_CHECKS=@@FOREIGN_KEY_CHECKS, FOREIGN_KEY_CHECKS=0 */;
/*!40101 SET @OLD_SQL_MODE=@@SQL_MODE, SQL_MODE='NO_AUTO_VALUE_ON_ZERO' */;
/*!40111 SET @OLD_SQL_NOTES=@@SQL_NOTES, SQL_NOTES=0 */;

--
-- Table structure for table `categories`
--

DROP TABLE IF EXISTS `categories`;
/*!40101 SET @saved_cs_client     = @@character_set_client */;
/*!50503 SET character_set_client = utf8mb4 */;
CREATE TABLE `categories` (
  `CategoryID` int NOT NULL AUTO_INCREMENT,
  `CategoryName` varchar(15) NOT NULL,
  `Description` text,
  `Picture` varchar(256) DEFAULT NULL,
  PRIMARY KEY (`CategoryID`)
) ENGINE=InnoDB AUTO_INCREMENT=9 DEFAULT CHARSET=utf8mb4 COLLATE=utf8mb4_0900_ai_ci;
/*!40101 SET character_set_client = @saved_cs_client */;

--
-- Dumping data for table `categories`
--

LOCK TABLES `categories` WRITE;
/*!40000 ALTER TABLE `categories` DISABLE KEYS */;
INSERT INTO `categories` VALUES (1,'Beverages','Soft drinks, coffees, teas, beers, and ales.','f35fb269-b9cd-4f98-b1b3-07f22dc72511.jpg'),(2,'Condiments','Sweet and savory sauces, relishes, spreads, and seasonings','cd709f4c-b8c4-4060-989b-8282deff85c8.jpg'),(3,'Confections','Desserts, candies, and sweet breads','a22927d5-2b7d-4bfe-b853-37b12a46dd04.jpg'),(4,'Dairy Products','Cheeses','2b43f34f-0732-4eef-87f4-6a8315685a85.jpg'),(5,'Grains/Cereals','Breads, crackers, pasta, and cereal','9b086f17-e380-43c2-83fb-1192cc9323e6.jpg'),(6,'Meat/Poultry','Prepared meats','677e635f-3729-4723-a86c-54cb8fe5e760.jpg'),(7,'Produce','Dried fruit and bean curd','1b30bcda-5ba0-494d-9a80-70d0cf6ddd33.jpg'),(8,'Seafood','Seaweed and fish','ffcffbc7-e86a-4c9a-a776-019e738061d3.jpg');
/*!40000 ALTER TABLE `categories` ENABLE KEYS */;
UNLOCK TABLES;

--
-- Table structure for table `creditcard`
--

DROP TABLE IF EXISTS `creditcard`;
/*!40101 SET @saved_cs_client     = @@character_set_client */;
/*!50503 SET character_set_client = utf8mb4 */;
CREATE TABLE `creditcard` (
  `id` varchar(36) NOT NULL,
  `name` varbinary(160) DEFAULT NULL,
  `number` varbinary(200) DEFAULT NULL,
  `expirationdate` varbinary(40) DEFAULT NULL,
  `securitycode` varbinary(32) DEFAULT NULL,
  `userid` char(36) CHARACTER SET utf8mb3 COLLATE utf8mb3_general_ci DEFAULT NULL,
  PRIMARY KEY (`id`),
  KEY `userid` (`userid`),
  CONSTRAINT `creditcard_ibfk_1` FOREIGN KEY (`userid`) REFERENCES `users` (`UserID`)
) ENGINE=InnoDB DEFAULT CHARSET=utf8mb4 COLLATE=utf8mb4_0900_ai_ci;
/*!40101 SET character_set_client = @saved_cs_client */;

--
-- Dumping data for table `creditcard`
--

LOCK TABLES `creditcard` WRITE;
/*!40000 ALTER TABLE `creditcard` DISABLE KEYS */;
INSERT INTO `creditcard` VALUES ('2d073a15-78c1-4b30-9521-8948a815a359',_binary '\ŸrØÆWÚúâ¶3¯\Áb',_binary '\Ì†Ω#Iˆú%ø¡c*}ãcHc%:\⁄≥<V,?—∫~',_binary '\‚§7\Z7†ò\Â’ï&¸',_binary 'øwPâ>/˘$I\ƒ\›','3072e836-7469-454d-9165-e7761f3f2eb7'),('6ce0e3b2-29ed-4a2a-9a83-05da85e1afaa',NULL,NULL,NULL,NULL,'704c1690-d96b-4258-bbea-061ac2261ccd');
/*!40000 ALTER TABLE `creditcard` ENABLE KEYS */;
UNLOCK TABLES;

--
-- Temporary view structure for view `current product list`
--

DROP TABLE IF EXISTS `current product list`;
/*!50001 DROP VIEW IF EXISTS `current product list`*/;
SET @saved_cs_client     = @@character_set_client;
/*!50503 SET character_set_client = utf8mb4 */;
/*!50001 CREATE VIEW `current product list` AS SELECT 
 1 AS `ProductID`,
 1 AS `ProductName`,
 1 AS `UnitPrice`,
 1 AS `UnitsInStock`,
 1 AS `Picture`,
 1 AS `CategoryName`,
 1 AS `DiscountID`,
 1 AS `DiscountPercent`*/;
SET character_set_client = @saved_cs_client;

--
-- Temporary view structure for view `current valid discounts`
--

DROP TABLE IF EXISTS `current valid discounts`;
/*!50001 DROP VIEW IF EXISTS `current valid discounts`*/;
SET @saved_cs_client     = @@character_set_client;
/*!50503 SET character_set_client = utf8mb4 */;
/*!50001 CREATE VIEW `current valid discounts` AS SELECT 
 1 AS `DiscountID`,
 1 AS `DiscountPercent`,
 1 AS `DiscountCode`,
 1 AS `StartDate`,
 1 AS `EndDate`,
 1 AS `Active`,
 1 AS `DiscountType`*/;
SET character_set_client = @saved_cs_client;

--
-- Temporary view structure for view `currentvaliddiscountpercentagebased`
--

DROP TABLE IF EXISTS `currentvaliddiscountpercentagebased`;
/*!50001 DROP VIEW IF EXISTS `currentvaliddiscountpercentagebased`*/;
SET @saved_cs_client     = @@character_set_client;
/*!50503 SET character_set_client = utf8mb4 */;
/*!50001 CREATE VIEW `currentvaliddiscountpercentagebased` AS SELECT 
 1 AS `DiscountID`,
 1 AS `DiscountPercent`,
 1 AS `DiscountType`,
 1 AS `DiscountCode`,
 1 AS `StartDate`,
 1 AS `EndDate`,
 1 AS `Active`*/;
SET character_set_client = @saved_cs_client;

--
-- Temporary view structure for view `customerdetails`
--

DROP TABLE IF EXISTS `customerdetails`;
/*!50001 DROP VIEW IF EXISTS `customerdetails`*/;
SET @saved_cs_client     = @@character_set_client;
/*!50503 SET character_set_client = utf8mb4 */;
/*!50001 CREATE VIEW `customerdetails` AS SELECT 
 1 AS `CustomerID`,
 1 AS `UserID`,
 1 AS `ContactName`,
 1 AS `Address`,
 1 AS `Ward`,
 1 AS `District`,
 1 AS `City`,
 1 AS `Phone`,
 1 AS `Picture`*/;
SET character_set_client = @saved_cs_client;

--
-- Table structure for table `customers`
--

DROP TABLE IF EXISTS `customers`;
/*!40101 SET @saved_cs_client     = @@character_set_client */;
/*!50503 SET character_set_client = utf8mb4 */;
CREATE TABLE `customers` (
  `CustomerID` varchar(36) NOT NULL,
  `ContactName` varchar(30) DEFAULT NULL,
  `ProfileID` varchar(36) NOT NULL,
  PRIMARY KEY (`CustomerID`),
  KEY `ProfileID` (`ProfileID`),
  CONSTRAINT `customers_ibfk_1` FOREIGN KEY (`ProfileID`) REFERENCES `userprofile` (`ProfileID`)
) ENGINE=InnoDB DEFAULT CHARSET=utf8mb4 COLLATE=utf8mb4_0900_ai_ci;
/*!40101 SET character_set_client = @saved_cs_client */;

--
-- Dumping data for table `customers`
--

LOCK TABLES `customers` WRITE;
/*!40000 ALTER TABLE `customers` DISABLE KEYS */;
INSERT INTO `customers` VALUES ('491f1e10-64ba-45cf-bcec-878e8ead22c3','Phuca','47045f6a-34c4-4dc6-b3a0-fa4453b5da30'),('c02bafd6-0082-4b9f-b232-342471eae90b','Phuc','3a8e9fad-c24a-4e20-be0a-edce05e36150');
/*!40000 ALTER TABLE `customers` ENABLE KEYS */;
UNLOCK TABLES;

--
-- Temporary view structure for view `discountdetails`
--

DROP TABLE IF EXISTS `discountdetails`;
/*!50001 DROP VIEW IF EXISTS `discountdetails`*/;
SET @saved_cs_client     = @@character_set_client;
/*!50503 SET character_set_client = utf8mb4 */;
/*!50001 CREATE VIEW `discountdetails` AS SELECT 
 1 AS `DiscountID`,
 1 AS `DiscountPercent`,
 1 AS `DiscountCode`,
 1 AS `StartDate`,
 1 AS `EndDate`,
 1 AS `Active`,
 1 AS `DiscountType`,
 1 AS `Description`*/;
SET character_set_client = @saved_cs_client;

--
-- Table structure for table `discounts`
--

DROP TABLE IF EXISTS `discounts`;
/*!40101 SET @saved_cs_client     = @@character_set_client */;
/*!50503 SET character_set_client = utf8mb4 */;
CREATE TABLE `discounts` (
  `DiscountID` varchar(36) NOT NULL,
  `DiscountPercent` int NOT NULL,
  `DiscountCode` varchar(255) DEFAULT NULL,
  `StartDate` datetime NOT NULL,
  `EndDate` datetime NOT NULL,
  `Active` bit(1) NOT NULL,
  `DiscountTypeID` int NOT NULL,
  PRIMARY KEY (`DiscountID`),
  KEY `FK_Discounts_DiscountTypes` (`DiscountTypeID`),
  CONSTRAINT `FK_Discounts_DiscountTypes` FOREIGN KEY (`DiscountTypeID`) REFERENCES `discounttypes` (`DiscountTypeID`)
) ENGINE=InnoDB DEFAULT CHARSET=utf8mb4 COLLATE=utf8mb4_0900_ai_ci;
/*!40101 SET character_set_client = @saved_cs_client */;

--
-- Dumping data for table `discounts`
--

LOCK TABLES `discounts` WRITE;
/*!40000 ALTER TABLE `discounts` DISABLE KEYS */;
INSERT INTO `discounts` VALUES ('0a405179-7c98-429d-b564-5bbd75864fe3',12,'','2024-06-26 00:00:00','2025-06-26 00:00:00',_binary '',1),('3be96477-95de-4bfd-8be7-60fad2020e84',30,'','2024-06-26 00:00:00','2026-06-26 00:00:00',_binary '\0',1),('57366b38-e463-4536-bcd8-5535d01cd4b8',10,'','2024-06-26 00:00:00','2024-07-31 00:00:00',_binary '\0',1),('590a6dd2-baf2-4b64-8bd6-75f3874dea8a',20,'TheChosenOne','2024-04-08 12:30:00','2025-04-08 12:30:00',_binary '\0',1),('8997ccff-e004-4627-a897-df7a6012f563',20,'6753fd74-cca8-40c3-83f4-be0190ea631c','2024-05-09 00:00:00','2024-06-05 00:00:00',_binary '',2),('8d9ec5ca-67ac-4e1b-b05d-f8e2bad66c7a',5,'412b5e8e-84b0-4e8f-b761-952632ea1f8b','2024-04-08 12:30:00','2025-04-08 12:30:00',_binary '\0',1),('b6ff6ba9-6dd3-408d-9acc-af4dcc2b90c3',30,'50ee22c1-b499-4e76-8bab-d23b4e0ee46e','2024-04-08 12:30:00','2025-04-08 12:30:00',_binary '',2),('cd3507b7-f023-4a06-8dd4-b776520d266d',25,'','2024-04-30 00:00:00','2024-07-10 02:00:00',_binary '\0',1),('d7f2059b-97ef-4edc-9544-11859ea4eb4f',30,'795082a3-9bdc-48db-8bac-87f1dd8fca03','2024-04-16 00:00:00','2025-04-09 00:00:00',_binary '',1),('dadbd70a-7cb5-460e-a26c-6fb7d77c11ac',20,'6dbf1881-2f93-45f4-adfd-d5054c880e58','2024-10-04 00:00:00','2034-10-06 00:00:00',_binary '',1),('f12ace16-8ce7-43a4-b5fa-da0fe4070e4c',5,'a8f2019a-cc2a-4f1d-a412-4bae2eb2cfc1','2024-06-26 00:00:00','2026-06-26 00:00:00',_binary '',1);
/*!40000 ALTER TABLE `discounts` ENABLE KEYS */;
UNLOCK TABLES;

--
-- Table structure for table `discounttypes`
--

DROP TABLE IF EXISTS `discounttypes`;
/*!40101 SET @saved_cs_client     = @@character_set_client */;
/*!50503 SET character_set_client = utf8mb4 */;
CREATE TABLE `discounttypes` (
  `DiscountTypeID` int NOT NULL AUTO_INCREMENT,
  `DiscountType` varchar(20) NOT NULL,
  `Description` varchar(255) DEFAULT NULL,
  PRIMARY KEY (`DiscountTypeID`)
) ENGINE=InnoDB AUTO_INCREMENT=3 DEFAULT CHARSET=utf8mb4 COLLATE=utf8mb4_0900_ai_ci;
/*!40101 SET character_set_client = @saved_cs_client */;

--
-- Dumping data for table `discounttypes`
--

LOCK TABLES `discounttypes` WRITE;
/*!40000 ALTER TABLE `discounttypes` DISABLE KEYS */;
INSERT INTO `discounttypes` VALUES (1,'Percentage-based','Discount is used for product as default'),(2,'Code','Discount codes are entered by the user using the code');
/*!40000 ALTER TABLE `discounttypes` ENABLE KEYS */;
UNLOCK TABLES;

--
-- Temporary view structure for view `employeedetails`
--

DROP TABLE IF EXISTS `employeedetails`;
/*!50001 DROP VIEW IF EXISTS `employeedetails`*/;
SET @saved_cs_client     = @@character_set_client;
/*!50503 SET character_set_client = utf8mb4 */;
/*!50001 CREATE VIEW `employeedetails` AS SELECT 
 1 AS `EmployeeID`,
 1 AS `UserID`,
 1 AS `BirthDate`,
 1 AS `HireDate`,
 1 AS `Phone`,
 1 AS `Picture`,
 1 AS `Title`,
 1 AS `Address`,
 1 AS `City`,
 1 AS `District`,
 1 AS `Ward`,
 1 AS `Notes`*/;
SET character_set_client = @saved_cs_client;

--
-- Table structure for table `employees`
--

DROP TABLE IF EXISTS `employees`;
/*!40101 SET @saved_cs_client     = @@character_set_client */;
/*!50503 SET character_set_client = utf8mb4 */;
CREATE TABLE `employees` (
  `EmployeeID` varchar(36) NOT NULL,
  `Title` varchar(30) DEFAULT NULL,
  `BirthDate` date DEFAULT NULL,
  `HireDate` date DEFAULT NULL,
  `Notes` text,
  `ProfileID` varchar(36) NOT NULL,
  PRIMARY KEY (`EmployeeID`),
  KEY `ProfileID` (`ProfileID`),
  CONSTRAINT `employees_ibfk_1` FOREIGN KEY (`ProfileID`) REFERENCES `userprofile` (`ProfileID`)
) ENGINE=InnoDB DEFAULT CHARSET=utf8mb4 COLLATE=utf8mb4_0900_ai_ci;
/*!40101 SET character_set_client = @saved_cs_client */;

--
-- Dumping data for table `employees`
--

LOCK TABLES `employees` WRITE;
/*!40000 ALTER TABLE `employees` DISABLE KEYS */;
INSERT INTO `employees` VALUES ('35e31e6b-d3c1-45c1-9b38-66813e576713',NULL,'2000-04-02','2024-05-01','This is an awesome guy.','71fc0684-de2e-4757-a11b-b8b85ed9ba1b'),('577378d4-bb82-495a-9c70-d0b1aa6de9d6',NULL,'2000-04-02','2024-05-01','This is an awesome guy.','7e7fc974-755e-4d24-be2a-bba6fd3e5dd4');
/*!40000 ALTER TABLE `employees` ENABLE KEYS */;
UNLOCK TABLES;

--
-- Temporary view structure for view `existed product list`
--

DROP TABLE IF EXISTS `existed product list`;
/*!50001 DROP VIEW IF EXISTS `existed product list`*/;
SET @saved_cs_client     = @@character_set_client;
/*!50503 SET character_set_client = utf8mb4 */;
/*!50001 CREATE VIEW `existed product list` AS SELECT 
 1 AS `ProductID`,
 1 AS `ProductName`,
 1 AS `UnitPrice`,
 1 AS `UnitsInStock`,
 1 AS `Picture`,
 1 AS `CategoryName`,
 1 AS `DiscountID`,
 1 AS `DiscountPercent`,
 1 AS `Discontinued`*/;
SET character_set_client = @saved_cs_client;

--
-- Temporary view structure for view `invoices`
--

DROP TABLE IF EXISTS `invoices`;
/*!50001 DROP VIEW IF EXISTS `invoices`*/;
SET @saved_cs_client     = @@character_set_client;
/*!50503 SET character_set_client = utf8mb4 */;
/*!50001 CREATE VIEW `invoices` AS SELECT 
 1 AS `ShipName`,
 1 AS `ShipAddress`,
 1 AS `ShipCity`,
 1 AS `ShipDistrict`,
 1 AS `ShipWard`,
 1 AS `Phone`,
 1 AS `CustomerID`,
 1 AS `EmployeeID`,
 1 AS `OrderID`,
 1 AS `OrderDate`,
 1 AS `RequiredDate`,
 1 AS `ShippedDate`,
 1 AS `ShipperID`,
 1 AS `ProductID`,
 1 AS `UnitPrice`,
 1 AS `Quantity`,
 1 AS `ExtendedPrice`,
 1 AS `Freight`,
 1 AS `Status`,
 1 AS `DiscountID`,
 1 AS `DiscountPercent`,
 1 AS `PaymentMethod`*/;
SET character_set_client = @saved_cs_client;

--
-- Temporary view structure for view `notificationdetails`
--

DROP TABLE IF EXISTS `notificationdetails`;
/*!50001 DROP VIEW IF EXISTS `notificationdetails`*/;
SET @saved_cs_client     = @@character_set_client;
/*!50503 SET character_set_client = utf8mb4 */;
/*!50001 CREATE VIEW `notificationdetails` AS SELECT 
 1 AS `NotificationID`,
 1 AS `Title`,
 1 AS `Message`,
 1 AS `SenderID`,
 1 AS `ReceiverID`,
 1 AS `Topic`,
 1 AS `Status`,
 1 AS `IsRead`,
 1 AS `Time`,
 1 AS `Picture`,
 1 AS `RepliedTo`*/;
SET character_set_client = @saved_cs_client;

--
-- Table structure for table `notifications`
--

DROP TABLE IF EXISTS `notifications`;
/*!40101 SET @saved_cs_client     = @@character_set_client */;
/*!50503 SET character_set_client = utf8mb4 */;
CREATE TABLE `notifications` (
  `NotificationID` char(36) NOT NULL,
  `Message` text NOT NULL,
  `SenderID` char(36) DEFAULT NULL,
  `ReceiverID` char(36) DEFAULT NULL,
  `TopicID` int DEFAULT NULL,
  `Status` varchar(20) NOT NULL,
  `Time` datetime NOT NULL,
  `Title` varchar(100) NOT NULL,
  `Picture` varchar(256) DEFAULT NULL,
  `RepliedTo` char(36) DEFAULT NULL,
  PRIMARY KEY (`NotificationID`),
  KEY `fk_Notifications_Topics` (`TopicID`),
  KEY `fk_Notifications_Notifications` (`RepliedTo`),
  CONSTRAINT `fk_Notifications_Notifications` FOREIGN KEY (`RepliedTo`) REFERENCES `notifications` (`NotificationID`),
  CONSTRAINT `fk_Notifications_Topics` FOREIGN KEY (`TopicID`) REFERENCES `topics` (`TopicID`)
) ENGINE=InnoDB DEFAULT CHARSET=utf8mb4 COLLATE=utf8mb4_0900_ai_ci;
/*!40101 SET character_set_client = @saved_cs_client */;

--
-- Dumping data for table `notifications`
--

LOCK TABLES `notifications` WRITE;
/*!40000 ALTER TABLE `notifications` DISABLE KEYS */;
/*!40000 ALTER TABLE `notifications` ENABLE KEYS */;
UNLOCK TABLES;

--
-- Table structure for table `notificationuser`
--

DROP TABLE IF EXISTS `notificationuser`;
/*!40101 SET @saved_cs_client     = @@character_set_client */;
/*!50503 SET character_set_client = utf8mb4 */;
CREATE TABLE `notificationuser` (
  `NotificationID` char(36) NOT NULL,
  `UserID` char(36) NOT NULL,
  `IsRead` tinyint(1) NOT NULL,
  PRIMARY KEY (`NotificationID`,`UserID`),
  CONSTRAINT `fk_NotificationUser_Notifications` FOREIGN KEY (`NotificationID`) REFERENCES `notifications` (`NotificationID`)
) ENGINE=InnoDB DEFAULT CHARSET=utf8mb4 COLLATE=utf8mb4_0900_ai_ci;
/*!40101 SET character_set_client = @saved_cs_client */;

--
-- Dumping data for table `notificationuser`
--

LOCK TABLES `notificationuser` WRITE;
/*!40000 ALTER TABLE `notificationuser` DISABLE KEYS */;
/*!40000 ALTER TABLE `notificationuser` ENABLE KEYS */;
UNLOCK TABLES;

--
-- Table structure for table `orderdetails`
--

DROP TABLE IF EXISTS `orderdetails`;
/*!40101 SET @saved_cs_client     = @@character_set_client */;
/*!50503 SET character_set_client = utf8mb4 */;
CREATE TABLE `orderdetails` (
  `OrderID` varchar(36) NOT NULL,
  `ProductID` int NOT NULL,
  `UnitPrice` decimal(10,2) NOT NULL DEFAULT '0.00',
  `Quantity` smallint NOT NULL DEFAULT '1',
  PRIMARY KEY (`OrderID`,`ProductID`),
  CONSTRAINT `FK_Order_Details_Orders` FOREIGN KEY (`OrderID`) REFERENCES `orders` (`OrderID`),
  CONSTRAINT `orderdetails_ibfk_1` FOREIGN KEY (`OrderID`) REFERENCES `orders` (`OrderID`),
  CONSTRAINT `CK_Quantity` CHECK ((`Quantity` > 0)),
  CONSTRAINT `CK_UnitPrice` CHECK ((`UnitPrice` >= 0))
) ENGINE=InnoDB DEFAULT CHARSET=utf8mb4 COLLATE=utf8mb4_0900_ai_ci;
/*!40101 SET character_set_client = @saved_cs_client */;

--
-- Dumping data for table `orderdetails`
--

LOCK TABLES `orderdetails` WRITE;
/*!40000 ALTER TABLE `orderdetails` DISABLE KEYS */;
/*!40000 ALTER TABLE `orderdetails` ENABLE KEYS */;
UNLOCK TABLES;

--
-- Table structure for table `orderdetailsdiscounts`
--

DROP TABLE IF EXISTS `orderdetailsdiscounts`;
/*!40101 SET @saved_cs_client     = @@character_set_client */;
/*!50503 SET character_set_client = utf8mb4 */;
CREATE TABLE `orderdetailsdiscounts` (
  `DiscountID` varchar(36) NOT NULL,
  `OrderID` varchar(36) NOT NULL,
  `ProductID` int NOT NULL,
  `AppliedDate` datetime DEFAULT NULL,
  `DiscountPercent` int NOT NULL,
  PRIMARY KEY (`DiscountID`,`OrderID`,`ProductID`),
  KEY `FK_OrderDetail_ProductID_OrderID` (`OrderID`,`ProductID`),
  CONSTRAINT `FK_OrderDetail_ProductID_OrderID` FOREIGN KEY (`OrderID`, `ProductID`) REFERENCES `orderdetails` (`OrderID`, `ProductID`),
  CONSTRAINT `orderdetailsdiscounts_ibfk_1` FOREIGN KEY (`OrderID`, `ProductID`) REFERENCES `orderdetails` (`OrderID`, `ProductID`)
) ENGINE=InnoDB DEFAULT CHARSET=utf8mb4 COLLATE=utf8mb4_0900_ai_ci;
/*!40101 SET character_set_client = @saved_cs_client */;

--
-- Dumping data for table `orderdetailsdiscounts`
--

LOCK TABLES `orderdetailsdiscounts` WRITE;
/*!40000 ALTER TABLE `orderdetailsdiscounts` DISABLE KEYS */;
/*!40000 ALTER TABLE `orderdetailsdiscounts` ENABLE KEYS */;
UNLOCK TABLES;

--
-- Temporary view structure for view `orderdetailsdiscountsum`
--

DROP TABLE IF EXISTS `orderdetailsdiscountsum`;
/*!50001 DROP VIEW IF EXISTS `orderdetailsdiscountsum`*/;
SET @saved_cs_client     = @@character_set_client;
/*!50503 SET character_set_client = utf8mb4 */;
/*!50001 CREATE VIEW `orderdetailsdiscountsum` AS SELECT 
 1 AS `OrderID`,
 1 AS `ProductID`,
 1 AS `NumberOfDiscounts`,
 1 AS `TotalDiscount`,
 1 AS `UnitPrice`,
 1 AS `Quantity`*/;
SET character_set_client = @saved_cs_client;

--
-- Temporary view structure for view `orderdetailsextended`
--

DROP TABLE IF EXISTS `orderdetailsextended`;
/*!50001 DROP VIEW IF EXISTS `orderdetailsextended`*/;
SET @saved_cs_client     = @@character_set_client;
/*!50503 SET character_set_client = utf8mb4 */;
/*!50001 CREATE VIEW `orderdetailsextended` AS SELECT 
 1 AS `OrderID`,
 1 AS `ProductID`,
 1 AS `UnitPrice`,
 1 AS `Quantity`,
 1 AS `Discount`,
 1 AS `ExtendedPrice`,
 1 AS `Status`,
 1 AS `Freight`,
 1 AS `CustomerID`,
 1 AS `EmployeeID`*/;
SET character_set_client = @saved_cs_client;

--
-- Table structure for table `orders`
--

DROP TABLE IF EXISTS `orders`;
/*!40101 SET @saved_cs_client     = @@character_set_client */;
/*!50503 SET character_set_client = utf8mb4 */;
CREATE TABLE `orders` (
  `OrderID` varchar(36) NOT NULL,
  `CustomerID` varchar(36) DEFAULT NULL,
  `EmployeeID` varchar(36) DEFAULT NULL,
  `OrderDate` datetime DEFAULT NULL,
  `RequiredDate` datetime DEFAULT NULL,
  `ShippedDate` datetime DEFAULT NULL,
  `ShipVia` int DEFAULT NULL,
  `Freight` decimal(10,2) DEFAULT '0.00',
  `ShipName` varchar(40) DEFAULT NULL,
  `ShipAddress` varchar(200) DEFAULT NULL,
  `ShipCity` varchar(50) DEFAULT NULL,
  `Status` varchar(10) DEFAULT NULL,
  `Phone` varchar(24) NOT NULL,
  `ShipDistrict` varchar(50) DEFAULT NULL,
  `ShipWard` varchar(50) DEFAULT NULL,
  PRIMARY KEY (`OrderID`),
  CONSTRAINT `CK_Order_Status` CHECK ((`Status` in (_utf8mb4'canceled',_utf8mb4'successful',_utf8mb4'shipping',_utf8mb4'confirmed',_utf8mb4'pending')))
) ENGINE=InnoDB DEFAULT CHARSET=utf8mb4 COLLATE=utf8mb4_0900_ai_ci;
/*!40101 SET character_set_client = @saved_cs_client */;

--
-- Dumping data for table `orders`
--

LOCK TABLES `orders` WRITE;
/*!40000 ALTER TABLE `orders` DISABLE KEYS */;
/*!40000 ALTER TABLE `orders` ENABLE KEYS */;
UNLOCK TABLES;

--
-- Table structure for table `otp`
--

DROP TABLE IF EXISTS `otp`;
/*!40101 SET @saved_cs_client     = @@character_set_client */;
/*!50503 SET character_set_client = utf8mb4 */;
CREATE TABLE `otp` (
  `id` varchar(36) NOT NULL,
  `value` varchar(6) NOT NULL,
  `userid` char(36) CHARACTER SET utf8mb3 COLLATE utf8mb3_general_ci DEFAULT NULL,
  `expirytime` datetime NOT NULL,
  `issuetime` datetime NOT NULL,
  PRIMARY KEY (`id`),
  KEY `userid` (`userid`),
  CONSTRAINT `otp_ibfk_1` FOREIGN KEY (`userid`) REFERENCES `users` (`UserID`)
) ENGINE=InnoDB DEFAULT CHARSET=utf8mb4 COLLATE=utf8mb4_0900_ai_ci;
/*!40101 SET character_set_client = @saved_cs_client */;

--
-- Dumping data for table `otp`
--

LOCK TABLES `otp` WRITE;
/*!40000 ALTER TABLE `otp` DISABLE KEYS */;
/*!40000 ALTER TABLE `otp` ENABLE KEYS */;
UNLOCK TABLES;

--
-- Table structure for table `paymentmethods`
--

DROP TABLE IF EXISTS `paymentmethods`;
/*!40101 SET @saved_cs_client     = @@character_set_client */;
/*!50503 SET character_set_client = utf8mb4 */;
CREATE TABLE `paymentmethods` (
  `methodid` varchar(36) NOT NULL,
  `methodname` varchar(20) NOT NULL,
  `details` text,
  PRIMARY KEY (`methodid`)
) ENGINE=InnoDB DEFAULT CHARSET=utf8mb4 COLLATE=utf8mb4_0900_ai_ci;
/*!40101 SET character_set_client = @saved_cs_client */;

--
-- Dumping data for table `paymentmethods`
--

LOCK TABLES `paymentmethods` WRITE;
/*!40000 ALTER TABLE `paymentmethods` DISABLE KEYS */;
INSERT INTO `paymentmethods` VALUES ('1363d5fa-0084-42ad-9550-29151b7182c9','zalopay','ZaloPay is a prominent player in the fintech industry, focusing on digital financial services.'),('4bc4cecb-8609-4118-a8e3-eb7f18992c6f','paypal','PayPal is a popular online payment service that allows users to send and receive payments online. It provides a secure and convenient way for individuals and businesses to make payments online.'),('59e1a754-d01b-41a4-bdce-5788a34645c3','cod','COD stands for Cash on Delivery, which is a payment method where the payment is made at the time of delivery of the goods or services.');
/*!40000 ALTER TABLE `paymentmethods` ENABLE KEYS */;
UNLOCK TABLES;

--
-- Table structure for table `payments`
--

DROP TABLE IF EXISTS `payments`;
/*!40101 SET @saved_cs_client     = @@character_set_client */;
/*!50503 SET character_set_client = utf8mb4 */;
CREATE TABLE `payments` (
  `paymentid` varchar(36) NOT NULL,
  `paymentdate` datetime DEFAULT NULL,
  `transactionid` varchar(255) DEFAULT NULL,
  `amount` decimal(10,2) DEFAULT NULL,
  `customerid` varchar(36) DEFAULT NULL,
  `orderid` varchar(36) DEFAULT NULL,
  `methodid` varchar(36) DEFAULT NULL,
  `status` varchar(10) DEFAULT NULL,
  PRIMARY KEY (`paymentid`),
  KEY `methodid` (`methodid`),
  CONSTRAINT `payments_ibfk_1` FOREIGN KEY (`methodid`) REFERENCES `paymentmethods` (`methodid`)
) ENGINE=InnoDB DEFAULT CHARSET=utf8mb4 COLLATE=utf8mb4_0900_ai_ci;
/*!40101 SET character_set_client = @saved_cs_client */;

--
-- Dumping data for table `payments`
--

LOCK TABLES `payments` WRITE;
/*!40000 ALTER TABLE `payments` DISABLE KEYS */;
/*!40000 ALTER TABLE `payments` ENABLE KEYS */;
UNLOCK TABLES;

--
-- Temporary view structure for view `productdetails`
--

DROP TABLE IF EXISTS `productdetails`;
/*!50001 DROP VIEW IF EXISTS `productdetails`*/;
SET @saved_cs_client     = @@character_set_client;
/*!50503 SET character_set_client = utf8mb4 */;
/*!50001 CREATE VIEW `productdetails` AS SELECT 
 1 AS `ProductID`,
 1 AS `ProductName`,
 1 AS `CategoryID`,
 1 AS `QuantityPerUnit`,
 1 AS `UnitPrice`,
 1 AS `UnitsInStock`,
 1 AS `Discontinued`,
 1 AS `Picture`,
 1 AS `Description`,
 1 AS `CategoryName`,
 1 AS `DiscountID`,
 1 AS `DiscountPercent`,
 1 AS `StartDate`,
 1 AS `EndDate`*/;
SET character_set_client = @saved_cs_client;

--
-- Temporary view structure for view `productinfos`
--

DROP TABLE IF EXISTS `productinfos`;
/*!50001 DROP VIEW IF EXISTS `productinfos`*/;
SET @saved_cs_client     = @@character_set_client;
/*!50503 SET character_set_client = utf8mb4 */;
/*!50001 CREATE VIEW `productinfos` AS SELECT 
 1 AS `ProductID`,
 1 AS `ProductName`,
 1 AS `CategoryID`,
 1 AS `QuantityPerUnit`,
 1 AS `UnitPrice`,
 1 AS `UnitsInStock`,
 1 AS `Discontinued`,
 1 AS `Picture`,
 1 AS `Description`,
 1 AS `CategoryName`*/;
SET character_set_client = @saved_cs_client;

--
-- Table structure for table `products`
--

DROP TABLE IF EXISTS `products`;
/*!40101 SET @saved_cs_client     = @@character_set_client */;
/*!50503 SET character_set_client = utf8mb4 */;
CREATE TABLE `products` (
  `ProductID` int NOT NULL AUTO_INCREMENT,
  `ProductName` varchar(40) NOT NULL,
  `CategoryID` int DEFAULT NULL,
  `QuantityPerUnit` varchar(20) DEFAULT NULL,
  `UnitPrice` decimal(10,2) DEFAULT '0.00',
  `UnitsInStock` smallint DEFAULT '0',
  `Discontinued` bit(1) NOT NULL DEFAULT b'0',
  `Picture` varchar(256) DEFAULT NULL,
  `Description` text,
  PRIMARY KEY (`ProductID`),
  KEY `FK_Products_Categories` (`CategoryID`),
  CONSTRAINT `FK_Products_Categories` FOREIGN KEY (`CategoryID`) REFERENCES `categories` (`CategoryID`),
  CONSTRAINT `CK_Products_UnitPrice` CHECK ((`UnitPrice` >= 0)),
  CONSTRAINT `CK_UnitsInStock` CHECK ((`UnitsInStock` >= 0))
) ENGINE=InnoDB AUTO_INCREMENT=78 DEFAULT CHARSET=utf8mb4 COLLATE=utf8mb4_0900_ai_ci;
/*!40101 SET character_set_client = @saved_cs_client */;

--
-- Dumping data for table `products`
--

LOCK TABLES `products` WRITE;
/*!40000 ALTER TABLE `products` DISABLE KEYS */;
INSERT INTO `products` VALUES (1,'Chai',1,'10 boxes x 20 bags',18.00,29,_binary '\0','cd2ac241-ced1-498f-bc2b-13add216e6fb.jpg','<p style=\"line-height: var(--cib-type-body2-line-height)\"><span style=\"font-size: 16px\"><strong>&nbsp;&nbsp;&nbsp;&nbsp;Chai</strong>, also known as<strong>masala chai</strong>, is a delightful and aromatic beverage with a rich history and cultural significance. Let‚Äôs explore what chai is all about:</span></p><ol><li><p style=\"line-height: var(--cib-type-body2-line-height)\"><span style=\"font-size: 16px\"><strong>Origins and Traditional Preparation</strong>:</span></p><ul><li style=\"font-size: 16px\"><strong>Chai</strong>originated in ancient India, where it was known as<strong>masala chai</strong>. In Sanskrit, ‚Äúchai‚Äù means<strong>tea</strong>, while ‚Äúmasala‚Äù refers to the blend of spices used in its preparation.</li><li style=\"font-size: 16px\">The base of chai is typically a<strong>black tea</strong>, with<strong>Assam</strong>being the most common variety due to its strong, full-bodied flavor. Some people blend Assam with<strong>Darjeeling tea</strong>for a balance of color, body, aroma, and flavor.</li><li><span style=\"font-size: 16px\"><strong>Spices</strong>play a crucial role in chai. Commonly used spices include:</span><ul><li style=\"font-size: 16px\"><strong>Cardamom</strong>: Provides a warm, aromatic flavor.</li><li style=\"font-size: 16px\"><strong>Cinnamon</strong>: Adds sweetness and warmth.</li><li style=\"font-size: 16px\"><strong>Ginger</strong>: Offers a spicy kick.</li><li style=\"font-size: 16px\"><strong>Cloves</strong>: Contribute depth and richness.</li><li style=\"font-size: 16px\"><strong>Black pepper</strong>,<strong>coriander</strong>,<strong>nutmeg</strong>, and<strong>fennel</strong>are also used, though less commonly.</li></ul><span style=\"font-size: 16px\"></span></li><li style=\"font-size: 16px\">Chai is typically brewed by simmering tea leaves and spices in<strong>water or milk</strong>, allowing the flavors to meld together.</li></ul></li><li><p style=\"line-height: var(--cib-type-body2-line-height)\"><span style=\"font-size: 16px\"><strong>Ayurvedic Roots</strong>:</span></p><ul><li style=\"font-size: 16px\">Chai tea has ancient<strong>Ayurvedic</strong>roots. Ayurveda, an Indian system of medicine, emphasizes balance between mind, body, and spirit.</li><li style=\"font-size: 16px\">Each spice in chai has specific healing properties, making it more than just a flavorful beverage.</li><li style=\"font-size: 16px\">The combination of spices and herbs in chai contributes to its age-old healing benefits.</li></ul></li><li><p style=\"line-height: var(--cib-type-body2-line-height)\"><span style=\"font-size: 16px\"><strong>Social Significance</strong>:</span></p><ul><li style=\"font-size: 16px\">Chai symbolizes<strong>warmth</strong>,<strong>hospitality</strong>, and<strong>connection</strong>in Indian traditions.</li><li style=\"font-size: 16px\">It‚Äôs an important social beverage, often shared among friends, family, and neighbors.</li><li style=\"font-size: 16px\">In India, you‚Äôll find<strong>chaiwallas</strong>(vendors selling chai) on street corners, and serving chai is a common practice in households.</li></ul></li></ol>'),(2,'Chang',1,'24 - 12 oz bottles.',19.00,14,_binary '\0','0f2bfb08-84bd-4368-9e4b-17e33aaf331f.jpg','<ul><li style=\"font-size: 16px\"><strong>Chang&nbsp;</strong>is a premium Thai beer known for its smooth and refreshing taste. It‚Äôs perfect for sharing with friends during social gatherings. The beer features a distinctive logo that symbolizes Thai culture and values.</li><li style=\"font-size: 16px\">If you‚Äôre looking for a delightful beer experience, might be the one to try.</li></ul>'),(3,'Aniseed Syrup',2,'12 - 550 ml bottles',10.00,11,_binary '\0','/phucxfoodshop/image/product/517b0105-da18-4487-be02-8d80906a0226.jpg','<p><span style=\"font-size: 16px\">Aniseed syrup is known for its sweet, licorice-like taste and aroma. It‚Äôs commonly used in a variety of pastries and liquors globally. Ideal for enhancing the flavor of cocktails, mocktails, sodas, iced teas, lemonades, and can also be drizzled over fruit and desserts</span><br></p>'),(4,'Chef Anton\'s Cajun Seasoning',2,'48 - 6 oz jars',22.00,49,_binary '\0','74be6e22-466b-4611-8619-2885cfb08105.jpg','<p><span style=\"font-size: 16px\">Chef Anton‚Äôs Cajun Seasoning is a blend of spices that typically includes paprika, onion and garlic powder, oregano, and cayenne pepper. It‚Äôs used to add a spicy kick to dishes like gumbo, shrimp and grits, and jambalaya. The exact recipe can vary, but these ingredients form the base for this flavorful seasoning.</span></p><p><br></p>'),(5,'Chef Anton\'s Gumbo Mix',2,'36 boxes',21.35,0,_binary '','dd626b7d-fdcd-448b-9f16-5a8540237dcb.jpg',NULL),(6,'Grandma\'s Boysenberry Spread',2,'12 - 8 oz jars',25.00,122,_binary '\0','96ad8a74-99c1-4504-8cc7-c1077fd10ee9.jpg','<p><span style=\"font-size: 16px\">Grandma‚Äôs Boysenberry Spread is a jam-like product made with cane sugar, seedless boysenberries, water, pectin, and citric acid. It‚Äôs likely to have a sweet and tangy flavor characteristic of boysenberries and can be used as a spread for breads, pastries, or as a topping for desserts.</span></p>'),(7,'Uncle Bob\'s Organic Dried Pears',7,'12 - 1 lb pkgs.',30.00,15,_binary '\0','9a40a253-8c37-4feb-98cd-4da878d1d4bc.jpg','<p><span style=\"font-size: 16px\">Uncle Bob‚Äôs Organic Dried Pears are a healthy snack option, made from organic pears that are dried without the addition of any preservatives or sweeteners. They are typically sold in 1 lb packages and can be enjoyed on their own or added to cereals, baked goods, or salads for a natural sweetness and chewy texture.</span></p>'),(8,'Northwoods Cranberry Sauce',2,'12 - 12 oz jars',40.00,6,_binary '\0','175e5aa6-0519-440e-a38d-ea8785d2eacd.jpg','<p><span style=\"font-size: 16px\">Northwoods Cranberry Sauce is likely a traditional cranberry sauce, which is a condiment made from cranberries. It‚Äôs commonly served with Thanksgiving dinner in North America and Christmas dinner in the United Kingdom and Canada. The sauce is known for its tart flavor, which complements rich holiday dishes.</span><br></p>'),(9,'Mishi Kobe Niku',6,'18 - 500 g pkgs.',97.00,29,_binary '','bcbdc622-e34f-40ea-b654-acfa1b80a153.jpg',NULL),(10,'Ikura',8,'12 - 200 ml jars',31.00,31,_binary '\0','368a8366-f4b7-4a3a-8799-e5adb4688e1a.jpg','<p><span style=\"font-size: 16px\">Ikura is the Japanese term for salmon roe, also known as red caviar. These large eggs are known for their soft texture, briny flavor, and a mild fishiness. Ikura is a popular and healthy ingredient in Japanese cuisine, often served on sushi or as a standalone dish.</span><br></p>'),(11,'Queso Cabrales',4,'1 kg pkg.',21.00,22,_binary '\0','c53b309c-8f86-464f-a425-ec692503f90f.jpg','<p><span style=\"font-size: 16px\">Queso Cabrales is a blue cheese from Asturias, Spain, known for its intense flavor and creamy texture. It‚Äôs made traditionally by rural dairy farmers and can be produced from pure, unpasteurized cow‚Äôs milk or blended with goat and/or sheep milk for a spicier taste. The cheese features distinctive blue-green veins from natural mold developed during aging</span><br></p>'),(12,'Queso Manchego La Pastora',4,'10 - 500 g pkgs.',38.00,86,_binary '\0','1f1dcb3f-ed4d-4f0a-ab0c-3a2aee5dc2a5.jpg','<p><span style=\"font-size: 16px\">Queso Manchego La Pastora is a variety of Manchego cheese, which is a pressed cheese made from the milk of Manchega sheep breed. It comes from the La Mancha region of Spain and can be aged between 60 days to 2 years. This cheese is known for its rich, nutty flavor and firm texture. It‚Äôs often used in cheese platters and pairs well with fruits, nuts, and charcuterie</span><br></p>'),(13,'Konbu',8,'2 kg box',6.00,24,_binary '\0','329fb8b0-1b91-44f0-90eb-7d7ed4207283.jpg','<p><span style=\"font-size: 16px\">Konbu, also known as kombu, is an edible kelp widely used in East Asian cuisine, especially in Japan and Korea. It‚Äôs a key ingredient in making dashi, a foundational broth in Japanese cooking, and is prized for its umami flavor due to high glutamic acid content. Konbu is rich in minerals and can be used as a condiment or garnish in various dishes</span><br></p>'),(14,'Tofu',7,'40 - 100 g pkgs.',23.25,35,_binary '\0','43149946-0d51-41df-b29c-03bc87a9b4d2.jpg','<p><span style=\"font-size: 16px\">Tofu, also known as bean curd, is a food made by coagulating soy milk and then pressing the resulting curds into solid white blocks. It originates from East Asia and is a staple in many Asian cuisines. Tofu is high in protein, low in fat, and rich in calcium and iron. It has a subtle flavor, making it versatile for absorbing spices, sauces, and marinades</span><br></p>'),(15,'Genen Shouyu',2,'24 - 250 ml bottles',15.50,39,_binary '\0','bc2b3ded-5dfe-427d-b81d-0e77dfd8d7dd.jpg','<p><span style=\"font-size: 16px\">Genen Shouyu is a type of Japanese soy sauce made by Kikkoman. It is naturally brewed and has a reduced salt content compared to regular soy sauces. It contains ingredients like water, soybeans, wheat, salt, vinegar, alcohol, and sugar. Genen Shouyu is known for its balanced flavor that enhances dishes without overpowering them</span><br></p>'),(16,'Pavlova',3,'32 - 500 g boxes',17.45,29,_binary '\0','14c1f80c-e173-471b-8e39-bc91e06244b3.jpg','<p><span style=\"font-size: 16px\">Pavlova is a meringue-based dessert named after the Russian ballerina Anna Pavlova. It has origins in Australia and New Zealand, where it is considered a national delicacy. The dessert features a crisp crust with a soft, light interior, commonly topped with whipped cream and fruit. It‚Äôs celebrated for its delicate texture and is often served during holidays and special occasions</span><br></p>'),(17,'Alice Mutton',6,'20 - 1 kg tins',39.00,0,_binary '','d50e852d-c77d-45b1-9f84-066ee2aff0e2.jpg',NULL),(18,'Carnarvon Tigers',8,'16 kg pkg.',62.50,42,_binary '\0','c1490261-9698-4c9f-9d01-7d372194387e.jpg',NULL),(19,'Teatime Chocolate Biscuits',3,'10 boxes x 12 pieces',9.20,25,_binary '\0','df048fb1-34ee-4f21-89e7-508a6bbec1e7.jpg','<p><span style=\"font-size: 16px\">Tea Time Biscuits by WIBISCO are sandwich cookies with two crisp baked cookies and a layer of smooth cream filling, creating a delicious full-flavored taste. They are available in Chocolate, Vanilla, and Double Chocolate flavors and are enjoyed by people of all ages. These biscuits are known for their delightful taste and are a popular treat during tea time</span><br></p>'),(20,'Sir Rodney\'s Marmalade',3,'30 gift boxes',81.00,40,_binary '\0','94731fd4-4233-4fd2-b559-eb91af2b5c5c.jpg',NULL),(21,'Sir Rodney\'s Scones',3,'24 pkgs. x 4 pieces',10.00,3,_binary '\0','a2ae9bed-ff1d-49c8-9530-09a2bca201ef.jpg',NULL),(22,'Gustaf\'s Kn√§ckebr√∂d',5,'24 - 500 g pkgs.',21.00,104,_binary '\0','e14caa7e-2dc4-4b3d-9e2c-9211e3a5f2be.jpg','<p><span style=\"font-size: 16px\">Gustaf‚Äôs Kn√§ckebr√∂d is a type of Swedish crispbread that is large, dry, and flat, made primarily from rye flour. It‚Äôs derived from a thicker bread called spisbr√∂d and is enjoyed in Sweden as a staple bread alternative. Its crunchy texture and thin form are similar to crackers, and it‚Äôs high in fiber and very sustaining</span></p>'),(23,'Tunnbr√∂d',5,'12 - 250 g pkgs.',9.00,61,_binary '\0','f62644c9-8926-4922-ab42-b4d104fc8308.jpg','<p><span style=\"font-size: 16px\">Tunnbr√∂d is a traditional Swedish flatbread that can be either soft or crisp. It‚Äôs typically round and thin, made from a mix of whole wheat, white wheat, and sometimes barley flour. Ingredients may include water, salt, and sometimes a touch of fat. It comes in many variants depending on the choice of grain, leavening agent, and rolling pin. It was created out of necessity for long-term storage but is now enjoyed in various forms.</span><br></p>'),(24,'Guaran√° Fant√°stica',1,'12 - 355 ml cans',4.50,20,_binary '','7ac4ccd7-fd91-4b7f-8cd7-0f32798f4974.jpg',NULL),(25,'NuNuCa Nu√ü-Nougat-Creme',3,'20 - 450 g glasses',14.00,76,_binary '\0','4ba11a2b-4831-42c8-8dc9-d8d6a9c21a43.jpg',NULL),(26,'Gumb√§r Gummib√§rchen',3,'100 - 250 g bags',31.23,15,_binary '\0','86f47e96-6a85-4731-b133-08f24b35128b.jpg','<p><span style=\"font-size: 16px\">Gummy bears, known as Gummib√§r in German, are small, fruit gum candies that are roughly 2 cm long and shaped like a bear. They are a popular gelatin-based candy sold in a variety of shapes and colors</span><br></p>'),(27,'Schoggi Schokolade',3,'100 - 100 g pieces',43.90,49,_binary '\0','3dc931f3-1016-4703-996c-0d37188337ce.jpg','<p><span style=\"font-size: 16px\">Schoggi Schokolade refers to a variety of chocolate products offered by Schoggi Meier. They have a range of chocolates such as dark chocolate with homemade pistachio gianduja, caramelized hazelnuts enrobed in milk chocolate, and white chocolate with macadamia gianduja and feuilletine, among others</span><br></p>'),(28,'R√∂ssle Sauerkraut',7,'25 - 825 g cans',45.60,26,_binary '','0a14e67a-76b3-4fbf-86fd-110b2f4851a8.jpeg',NULL),(29,'Th√ºringer Rostbratwurst',6,'50 bags x 30 sausgs.',123.79,0,_binary '','0957e392-795e-4a51-9045-991a3613d534.jpg',NULL),(30,'Nord-Ost Matjeshering',8,'10 - 200 g glasses',25.89,10,_binary '\0','1cc810ea-8b91-4cf9-9e69-50a36e852fe8.jpg','<p><span style=\"font-size: 16px\">Nord-Ost Matjeshering is a seafood product offered by Nord-Ost-Fisch Handelsgesellschaft mbH. It comes in 10 - 200 g glasses and seems to be categorized under seafood. Matjeshering refers to a type of herring, and it‚Äôs typically served in a variety of dishes in Northern Europe.</span><br></p>'),(31,'Gorgonzola Telino',4,'12 - 100 g pkgs',12.50,0,_binary '\0','8ed947cb-5328-46df-a488-855cae66ff47.jpg','<p><span style=\"font-size: 16px\">Gorgonzola is an Italian blue cheese known for its crumbly texture, bold flavor, and distinctive blue-green veins. It‚Äôs made from cow‚Äôs milk and can be either sweet (dolce) or spicy (piccante)</span><br></p>'),(32,'Mascarpone Fabioli',4,'24 - 200 g pkgs.',32.00,9,_binary '\0','a1457446-8f06-4f96-b44f-a976cf5f153b.jpg','<p><span style=\"font-size: 16px\">Mascarpone is a soft Italian cream cheese known for its rich, creamy texture and natural sweetness. It‚Äôs often used in desserts like tiramisu or as a spread. There‚Äôs also a product called ‚ÄúMascarpone 40‚Äù by Fabbri, which is a flavoring powder that gives ice cream and confectionery preparations the taste of mascarpone</span><br></p>'),(33,'Geitost',4,'500 g',2.50,112,_binary '\0','89cb7382-e4b7-418d-8512-d3a536b3b4e1.jpg','<p><span style=\"font-size: 16px\">Geitost, also known as Brunost or Gjetost, is a Norwegian cheese that is typically made with whey, milk, and/or cream. It has a unique caramelized flavor and is made from a combination of cow‚Äôs milk and goat‚Äôs milk, or purely from goat‚Äôs milk</span><br></p>'),(34,'Sasquatch Ale',1,'24 - 12 oz bottles',14.00,111,_binary '\0','27ec47d4-74d7-47f1-bc95-b46090bb98f0.jpg','<p><span style=\"font-size: 16px\">Sasquatch Ale is an Imperial IPA style beer brewed by Six Rivers Brewery. It has a translucent, medium dark orange and reddish appearance with a full, deeply caramelized, medium toast barley malt and spiced floral hops aroma. The beer has a good amount of body and a notable bite in the hop department</span><br></p>'),(35,'Steeleye Stout',1,'24 - 12 oz bottles',18.00,20,_binary '\0','677da96d-278c-4c8d-b989-728340d4b48d.jpg',NULL),(36,'Inlagd Sill',8,'24 - 250 g  jars',19.00,112,_binary '\0','28be74d0-493c-40fc-8e25-1621ac981408.jpg','<p><span style=\"font-size: 16px\">Inlagd Sill is a traditional Swedish dish of pickled herring that is commonly served at Midsummer, Christmas, and Easter celebrations. The dish consists of cleaned, skinned, and salted herring that is soaked in a marinade of vinegar, sugar, chopped onions and carrots, allspice, bay leaves, pepper, and crushed peppercorns1. It‚Äôs often featured on a Swedish sm√∂rg√•sbord but can also be enjoyed with fresh new potatoes and sometimes soured cream</span><br></p>'),(37,'Gravad lax',8,'12 - 500 g pkgs.',26.00,11,_binary '\0','34beb1e0-b1d2-49d5-a212-921f413c01e4.jpg','<p><span style=\"font-size: 16px\">Gravad lax, also known as gravlax, is a traditional Nordic dish consisting of salmon that is cured using a mix of salt, sugar, and dill. It‚Äôs typically served with a mustard sauce and garnished with fresh dill. The name translates to ‚Äúburied salmon,‚Äù which refers to the old method of curing the fish by burying it in the ground.</span><br></p>'),(38,'C√¥te de Blaye',1,'12 - 75 cl bottles',263.50,17,_binary '\0','69aae184-70a1-4dd4-b58c-47d2eca004b7.jpg','<p><span style=\"font-size: 16px\">C√¥tes de Blaye are white wines from the Blaye appellation in Bordeaux, France. They‚Äôre made mostly from Colombard and Ugni blanc grapes, resulting in dry, light, and mildly fruity wines</span><br></p>'),(39,'Chartreuse verte',1,'750 cc per bottle',18.00,69,_binary '\0','1b161792-7007-4762-9c12-dc006b389402.jpg','<p><span style=\"font-size: 16px\">Chartreuse verte, or Green Chartreuse, is an herbal liqueur crafted by Carthusian monks in the French Alps from a 400-year-old recipe. It‚Äôs the only liqueur with a completely natural green color and is made with 130 herbs, plants, and flowers</span><br></p>'),(40,'Boston Crab Meat',8,'24 - 4 oz tins',18.40,123,_binary '\0','3fbb7900-6fa7-47e8-aeb2-1765725512b8.jpg','<p><span style=\"font-size: 16px\">Boston Crab Meat typically refers to the meat from crabs that are found in the waters around Boston, known for its sweet, delicate flavor and tender texture. In Boston, you can find fresh crab meat at various seafood markets and restaurants, often used in dishes like crab cakes, salads, or served steamed with butter.</span></p>'),(41,'Jack\'s New England Clam Chowder',8,'12 - 12 oz cans',9.65,85,_binary '\0','02f1b4ce-0453-4ed0-9ec4-d38f25e38963.jpg','<p><span style=\"font-size: 16px\">New England Clam Chowder, also known as Boston Clam Chowder, is a creamy stew famous for its rich and hearty flavor. It typically contains tender clams, diced potatoes, onions, sometimes celery, and is seasoned with salt pork or bacon. The chowder is known for its thick consistency and is often served with oyster crackers.</span><br></p>'),(42,'Singaporean Hokkien Fried Mee',5,'32 - 1 kg pkgs.',14.00,26,_binary '','01f9564c-f58d-4e31-bfd3-8cfc184c4f81.jpg',NULL),(43,'Ipoh Coffee',1,'16 - 500 g tins',46.00,17,_binary '\0','f1e3a531-f48c-40df-a397-85587b2f57c1.jpg','<p><span style=\"font-size: 16px\">Ipoh Coffee, often referred to as Ipoh White Coffee, is a renowned coffee drink from Ipoh, Perak, Malaysia. The coffee beans are roasted with palm oil margarine, which gives the coffee a unique, creamy flavor and reduces its bitterness. It‚Äôs typically served with condensed milk, resulting in a rich and smooth taste. The drink‚Äôs name comes from the lighter color achieved through this roasting process.</span><br></p>'),(44,'Gula Malacca',2,'20 - 2 kg bags',19.45,27,_binary '\0','1599978d-3223-4807-9e98-5d85bef59d40.jpg','<p><span style=\"font-size: 16px\">Gula Malacca, commonly known as Gula Melaka or palm sugar, is a sweetener derived from the sap of palm trees, particularly the coconut palm. It‚Äôs widely used in Southeast Asian cuisine for its rich, caramel-like flavor. The sap is boiled down and then hardened into cylindrical blocks or granules. It‚Äôs darker and has a more intense flavor compared to other types of palm sugar.</span><br></p>'),(45,'Rogede sild',8,'1k pkg.',9.50,5,_binary '\0','69b7d844-7261-4cef-9b53-25bdd02a2a91.jpg','<p><span style=\"font-size: 16px\">‚ÄúRogede sild‚Äù refers to a Danish dish involving herring. ‚ÄúSild‚Äù is the Danish word for herring, and ‚Äúrogede‚Äù suggests that the herring may be smoked. Typically, this dish would involve smoked herring served in various ways, often as part of traditional Danish sm√∏rrebr√∏d (open-faced sandwiches)</span><br></p>'),(46,'Spegesild',8,'4 - 450 g glasses',12.00,95,_binary '\0','abde05da-9e13-4ea8-adad-3c17d8590653.jpg','<p><span style=\"font-size: 16px\">Spegesild is a traditional Scandinavian dish, specifically Norwegian, where herring is preserved using salt curing. The process involves using salt to extract water from the herring, creating an environment that inhibits microbial growth. This method of preservation allows the herring to be stored for extended periods. The best quality of spegesild is known as ‚Äúdiamanter‚Äù and is produced in Norway and Iceland from Atlantic herring with a high fat content.</span><br></p>'),(47,'Zaanse koeken',3,'10 - 4 oz boxes',9.50,36,_binary '\0','e68075e9-816f-44b0-ab74-6f09a272728b.jpeg','<p><span style=\"font-size: 16px\">‚ÄúZaanse koeken‚Äù refers to cookies or biscuits that originate from the Zaan region in the Netherlands. The term ‚Äúkoeken‚Äù is Dutch for cookies, and these are often traditional recipes that may include ingredients like almonds. They are typically enjoyed with coffee or tea.</span></p>'),(48,'Chocolade',3,'10 pkgs.',12.75,15,_binary '\0','71732701-f0f0-4916-ab0b-0a433aed9bd1.jpg','<p><span style=\"font-size: 16px\">Chocolade, known as chocolate in English, is a food product made from cocoa beans. It is consumed as candy and used to make beverages and to flavor or coat various confections and bakery products. Chocolate is rich in carbohydrates and is an excellent source of quick energy. It has several health benefits and comes in various forms such as liquid, solid, or paste. The process of making chocolate involves fermenting, drying, and roasting the cacao seeds, which gives chocolate its distinctive taste.</span><br></p>'),(49,'Maxilaku',3,'24 - 50 g pkgs.',20.00,10,_binary '\0','d3aee32e-d449-4d4d-aab4-015daa089eac.jpg',NULL),(50,'Valkoinen suklaa',3,'12 - 100 g bars',16.25,65,_binary '\0','424a53df-3125-4a61-b63e-f98dbd8d5506.jpg','<p><span style=\"font-size: 16px\">Valkoinen suklaa, or white chocolate in English, is a confection made from cocoa butter, sugar, and milk solids. Unlike dark and milk chocolates, white chocolate does not contain cocoa solids, which is why it has a pale color and a different flavor profile. It‚Äôs known for its creamy texture and sweet, buttery taste with hints of vanilla. White chocolate is used in various desserts and confections, such as mousse, cakes, and candies. It‚Äôs also enjoyed on its own as a sweet treat.</span></p>'),(51,'Manjimup Dried Apples',7,'50 - 300 g pkgs.',53.00,20,_binary '\0','071b1ca3-4134-48b5-babc-18b0750eaff1.jpg','<p><span style=\"font-size: 16px\">Manjimup is a region in Western Australia known for its rich soils and diverse produce, including apples. While the search results don‚Äôt provide specific details about ‚ÄúManjimup Dried Apples,‚Äù it‚Äôs likely that these are apples that have been dried for preservation and snacking. Dried apples are a popular healthy snack and can be used in various recipes.</span><br></p>'),(52,'Filo Mix',5,'16 - 2 kg boxes',7.00,38,_binary '\0','78f1807b-9534-4d2e-b3e8-efd549504015.png',NULL),(53,'Perth Pasties',6,'48 pieces',32.80,0,_binary '','90936ff1-eb60-4bc5-a2b4-15edb0c473f3.jpg',NULL),(54,'Tourti√®re',6,'16 pies',7.45,21,_binary '\0','1cc9a005-e0ae-4eca-8ccd-a3cc4f0ab552.jpeg','<p><span style=\"font-size: 16px\">Tourti√®re is a traditional French-Canadian meat pie that typically features a double crust and a filling made from ground or chopped meats like pork, beef, or game (such as rabbit, pheasant, or moose). It‚Äôs often seasoned with spices like cloves, cinnamon, and nutmeg, and may include vegetables and herbs. This savory pie is particularly popular during the holiday season in Quebec and other parts of Canada.</span><br></p>'),(55,'P√¢t√© chinois',6,'24 boxes x 2 pies',24.00,115,_binary '\0','4bb45d0c-c379-4685-baee-aacde9483d28.jpg','<p><span style=\"font-size: 16px\">P√¢t√© chinois is a Quebecois dish that is similar to shepherd‚Äôs pie or the French ‚Äúhachis Parmentier.‚Äù It consists of layered ground beef (sometimes mixed with saut√©ed diced onions) on the bottom, canned corn (either whole-kernel, creamed, or a mixture) in the middle, and mashed potatoes on top. This comfort food staple is often seasoned and baked, and it‚Äôs traditionally served with tomato ketchup on the side. It‚Äôs a popular dish in Quebec and can be found in most cafeterias throughout the region.</span><br></p>'),(56,'Gnocchi di nonna Alice',5,'24 - 250 g pkgs.',38.00,21,_binary '\0','37b8fbac-6c3d-4068-af81-6e7a5c4e27d8.jpg','<p><span style=\"font-size: 16px\">‚ÄúGnocchi di nonna Alice‚Äù seems to be a specific or traditional recipe for gnocchi, which is an Italian potato dumpling dish. While I couldn‚Äôt find a recipe specifically named ‚ÄúGnocchi di nonna Alice,‚Äù the term ‚ÄúNonna‚Äù is Italian for grandmother, and it‚Äôs common for gnocchi recipes to be passed down through generations in Italian families. Traditional gnocchi is made with mashed potatoes, flour, and eggs, and can be served with various sauces.</span><br></p>'),(57,'Ravioli Angelo',5,'24 - 250 g pkgs.',19.50,36,_binary '\0','51ea6d25-fc9b-4ead-9468-a71d5f0fae0c.jpg','<p><span style=\"font-size: 16px\">‚ÄúRavioli Angelo‚Äù could refer to a specific recipe or style of ravioli. While I couldn‚Äôt find a precise match for this term, the name Angelo is associated with a restaurant called ‚ÄúCharlie Gitto‚Äôs ‚ÄòOn The Hill‚Äô‚Äù (formerly known as ‚ÄúAngelo‚Äôs‚Äù) in St. Louis, Missouri, where toasted ravioli was made famous. Toasted ravioli, also known as T-Ravs, is breaded deep-fried ravioli typically served as an appetizer.<br><br>Ravioli itself is a classic Italian pasta filled with various ingredients like cheese, meat, vegetables, or seafood.?</span><br></p>'),(58,'Escargots de Bourgogne',8,'24 pieces',13.25,62,_binary '\0','83e5fdbc-e4c9-418c-b1bb-181f4b553321.jpg','<p><span style=\"font-size: 16px\">‚ÄúEscargots de Bourgogne‚Äù is a traditional French dish originating from the Burgundy region. It consists of snails (specifically the Helix pomatia species, also known as Burgundy snails) that are prepared with garlic and parsley butter. This dish is widely recognized as a refined French gastronomic specialty and is known for its flavorful taste</span><br></p>'),(59,'Raclette Courdavault',4,'5 kg pkg.',55.00,79,_binary '\0','856afd44-021d-4778-8c66-f9db748d8747.jpg',NULL),(60,'Camembert Pierrot',4,'15 - 300 g rounds',34.00,19,_binary '\0','294a208b-fe56-444c-9ec5-ce3bfcbd728d.jpg','<p><span style=\"font-size: 16px\">‚ÄúCamembert Pierrot‚Äù does not appear in the search results as a widely recognized term or brand. However, Camembert itself is a famous soft, creamy cheese that originated in the late 18th century in Normandy, France. It‚Äôs known for its moist, soft texture and creamy, buttery center, with an ivory-colored exterior and a downy white surface</span><br></p>'),(61,'Sirop d\'√©rable',2,'24 - 500 ml bottles',28.50,113,_binary '\0','adbbb711-fadc-400a-8479-8dc6d8c7fb66.jpg','<p><span style=\"font-size: 16px\">‚ÄúSirop d‚Äô√©rable‚Äù is the French term for maple syrup, a naturally sweet solution made from the sap of maple trees. The sap is collected in early spring and concentrated by boiling or reverse osmosis to produce the syrup. Maple syrup is emblematic of Canadian cuisine and is believed to originate from North America</span><br></p>'),(62,'Tarte au sucre',3,'48 pies',49.30,17,_binary '\0','8aef518a-6174-457e-ab8b-aaa9517fa695.jpg','<p><span style=\"font-size: 16px\">‚ÄúTarte au sucre,‚Äù also known as French Canadian Sugar Pie, is a traditional dessert from Quebec. It features a crust and a sweet, creamy filling made with ingredients such as brown sugar or maple syrup, cream, and lots of butter. The result is a moist and decadent pie with a caramel-like texture after baking</span><br></p>'),(63,'Vegie-spread',2,'15 - 625 g jars',43.90,24,_binary '\0','9092b891-5f65-47fe-87a1-9d5881df9391.jpg','<p><span style=\"font-size: 16px\">‚ÄúVegie-spread‚Äù refers to a variety of vegetable-based spreads that can be used on bagels, toast, sandwiches, wraps, or as a dip for crackers or raw vegetables. These spreads are typically made with fresh veggies and may include ingredients like cream cheese (dairy or dairy-free), herbs, and spices to create a creamy and tangy flavor</span><br></p>'),(64,'Wimmers gute Semmelkn√∂del',5,'20 bags x 4 pieces',33.25,22,_binary '\0','9c0f4231-37e1-4c6c-9c9a-4164ff450e15.jpg','<p><span style=\"font-size: 16px\">‚ÄúSemmelkn√∂del‚Äù are traditional German bread dumplings made from stale bread rolls, warm milk, seasoning, and eggs. They are a versatile and nutritious side dish in German cuisine, often served with gravies or sauces</span><br></p>'),(65,'Louisiana Fiery Hot Pepper Sauce',2,'32 - 8 oz bottles',21.05,76,_binary '\0','353e6430-8abd-4f3a-b94d-426c4584eaa2.jpg','<p><span style=\"font-size: 16px\">‚ÄúLouisiana Fiery Hot Pepper Sauce‚Äù likely refers to a type of hot sauce that is known for its fiery heat and robust flavor. Louisiana hot sauce typically features cayenne peppers, vinegar, salt, and sometimes garlic. It‚Äôs a beloved condiment in Louisiana cuisine and has become popular worldwide</span><br></p>'),(66,'Louisiana Hot Spiced Okra',2,'24 - 8 oz jars',17.00,4,_binary '\0','33ae9b98-85c2-493c-a075-9f7397b8426a.jpg','<p><span style=\"font-size: 16px\">‚ÄúLouisiana Hot Spiced Okra‚Äù likely refers to a dish where okra is cooked with Louisiana-style spices, giving it a spicy kick. The dish often includes ingredients like cayenne, onions, tomatoes, and sometimes celery. It can be served warm and is typically smothered or stewed</span><br></p>'),(67,'Laughing Lumberjack Lager',1,'24 - 12 oz bottles',14.00,52,_binary '\0','57acb063-5d27-4af3-9bd6-922f6968ed22.jpg','<p><span style=\"font-size: 16px\">‚ÄúLaughing Lumberjack Lager‚Äù is an American Amber Lager style beer. It‚Äôs brewed by Shooter ‚ÄòFranz‚Äô McLovin, also known as Johnny Golf or The Archduke of Golf, at his Midtown Brewery in Atlanta, Georgia. Lagers are beers that are fermented and conditioned at low temperatures, known for their crisp and refreshing taste.</span><br></p>'),(68,'Scottish Longbreads',3,'10 boxes x 8 pieces',12.50,6,_binary '\0','cb54a8e6-3096-41bc-af42-2dc5d68fabf0.jpg','<p><span style=\"font-size: 16px\">Scottish Shortbread, often simply called ‚Äòshortbread,‚Äô is a traditional Scottish biscuit known for its crumbly texture and rich buttery flavor. It‚Äôs typically made from one part white sugar, two parts butter, and three to four parts plain wheat flour, without any leavening agents like baking powder or baking soda. This treat is a staple in Scottish cuisine and has been enjoyed for centuries</span><br></p>'),(69,'Gudbrandsdalsost',4,'10 kg pkg.',36.00,26,_binary '\0','600fcaf0-db8d-402c-ab94-a4553603be91.jpg','<p><span style=\"font-size: 16px\">Gudbrandsdalsost, also known as Norwegian brown cheese or ‚Äòbrunost,‚Äô is a whey cheese made from a pasteurized mixture of cow‚Äôs and goat‚Äôs milk. It has a soft and aromatic character with a fat content of 35%. This cheese is compressed and sold in cubes, offering a unique flavor that‚Äôs a staple in Norwegian cuisine. It‚Äôs been enjoyed since 1863 and is commonly used for breakfast, lunch, or as a snack</span><br></p>'),(70,'Outback Lager',1,'24 - 355 ml bottles',15.00,15,_binary '\0','cfb66fc1-2569-4e2b-b439-9a8f2082dfe0.jpg','<p><span style=\"font-size: 16px\">Outback Lager appears to be a craft beer, possibly part of a range called ‚ÄòOutback‚Äô by a brewing company. While I couldn‚Äôt find specific details about Outback Lager, lagers in general are a type of beer that is fermented and conditioned at low temperatures, known for their clean, crisp taste</span><br></p>'),(71,'Flotemysost',4,'10 - 500 g pkgs.',21.50,26,_binary '\0','d6152885-9017-4e27-ac43-ddf73334328c.jpg','<p><span style=\"font-size: 16px\">Flotemysost, also known as Fl√∏ytemysost, is a type of Norwegian brown cheese (brunost) made from cow‚Äôs milk. It has a mild taste and bright color, which makes it very popular. It‚Äôs lighter and milder compared to its counterpart Geitost, which is made from goat‚Äôs milk and has a stronger taste. Flotemysost can be enjoyed on bread, crispbread, waffles, or used in pots and sauces for a touch of caramel flavor</span><br></p>'),(72,'Mozzarella di Giovanni',4,'24 - 200 g pkgs.',34.80,14,_binary '\0','a39a1b88-e223-4af9-850c-14cdb2b6df9c.jpg','<p><span style=\"font-size: 16px\">‚ÄúMozzarella di Giovanni‚Äù does not appear in the search results, so it might be a specific brand or artisanal product. Generally, mozzarella is a traditional southern Italian cheese known for its soft, moist texture and mild yet tangy taste. It‚Äôs commonly made from the milk of water buffalos or cows and is popular worldwide for its unique production process and versatility in dishes</span></p>'),(73,'R√∂d Kaviar',8,'24 - 150 g jars',15.00,101,_binary '\0','76f0171d-f2ba-4857-9fef-1d477d89c3d8.jpg','<p><span style=\"font-size: 16px\">R√∂d Kaviar, or red caviar, is made from the roe of salmonid fishes like salmon, trout, graylings, and char. It has an intense reddish hue and is distinct from black caviar, which comes from sturgeon. Red caviar has a rich history dating back to 12th-century Russia and is now a global delicacy enjoyed in various cuisines, including Russian and Japanese</span><br></p>'),(74,'Longlife Tofu',7,'5 kg pkg.',10.00,4,_binary '\0','d4a6d838-4146-4e0c-be01-da95933063b5.jpg','<p><span style=\"font-size: 16px\">‚ÄúLonglife Tofu‚Äù might refer to tofu that has a longer shelf life due to its packaging or processing methods. Generally, fresh tofu can last 3-5 days beyond its sell-by date if stored properly, and shelf-stable tofu can last for 6 months to a year from the date of production</span></p>'),(75,'Rh√∂nbr√§u Klosterbier',1,'24 - 0.5 l bottles',7.75,125,_binary '\0','1a855faf-a738-48a8-b0e3-5cc4e07bb7df.jpg','<p><span style=\"font-size: 16px\">Rh√∂nbr√§u Klosterbier is a traditional beer from the Klosterbrauerei Kreuzberg, located in the Rh√∂n region of Bavaria, Germany. The brewery is situated in a Franciscan monastery and has been a popular destination for centuries. It boasts a nearly 300-year history and offers a variety of beers brewed in accordance with monastic traditions. The Rh√∂n Valley, where the monastery is located, is also known for its scenic hiking trails and beautiful monastic grounds.</span><br></p>'),(76,'Lakkalik√∂√∂ri',1,'500 ml',18.00,57,_binary '\0','2c75c337-1645-4b00-89a4-957cea80486a.jpg','<p><span style=\"font-size: 16px\">Lakkalik√∂√∂ri, also known as Lakka, is a Finnish liqueur that gets its distinct flavor from cloudberries, a fruit native to cool temperate regions, alpine and arctic tundra, and boreal forests. The word ‚Äúlakka‚Äù means cloudberry in Finnish. This liqueur is typically made by steeping cloudberries in neutral grain alcohol for several months and is known for its sweet, almost floral flavor profile</span><br></p>'),(77,'Original Frankfurter gr√ºne So√üe',2,'12 boxes',13.00,32,_binary '\0','d19265d2-f70b-4d05-aacc-84f3bcd1318e.jpg','<p><span style=\"font-size: 16px\">Original Frankfurter gr√ºne So√üe is a famous cold herb sauce from Frankfurt, Germany. It‚Äôs made with a blend of sour cream, spices, and traditionally seven specific herbs: borage, chervil, garden cress, parsley, salad burnet, sorrel, and chives. At least 70% of these herbs should have been grown in Frankfurt to be considered authentic. The sauce is typically served with boiled potatoes and eggs and is known for its fresh and tangy flavor profile</span><br></p>');
/*!40000 ALTER TABLE `products` ENABLE KEYS */;
UNLOCK TABLES;

--
-- Temporary view structure for view `products by category`
--

DROP TABLE IF EXISTS `products by category`;
/*!50001 DROP VIEW IF EXISTS `products by category`*/;
SET @saved_cs_client     = @@character_set_client;
/*!50503 SET character_set_client = utf8mb4 */;
/*!50001 CREATE VIEW `products by category` AS SELECT 
 1 AS `CategoryName`,
 1 AS `ProductName`,
 1 AS `QuantityPerUnit`,
 1 AS `UnitsInStock`,
 1 AS `Discontinued`*/;
SET character_set_client = @saved_cs_client;

--
-- Table structure for table `productsdiscounts`
--

DROP TABLE IF EXISTS `productsdiscounts`;
/*!40101 SET @saved_cs_client     = @@character_set_client */;
/*!50503 SET character_set_client = utf8mb4 */;
CREATE TABLE `productsdiscounts` (
  `DiscountID` varchar(36) NOT NULL,
  `ProductID` int NOT NULL,
  PRIMARY KEY (`DiscountID`,`ProductID`),
  KEY `ProductID` (`ProductID`),
  CONSTRAINT `productsdiscounts_ibfk_1` FOREIGN KEY (`DiscountID`) REFERENCES `discounts` (`DiscountID`),
  CONSTRAINT `productsdiscounts_ibfk_2` FOREIGN KEY (`ProductID`) REFERENCES `products` (`ProductID`)
) ENGINE=InnoDB DEFAULT CHARSET=utf8mb4 COLLATE=utf8mb4_0900_ai_ci;
/*!40101 SET character_set_client = @saved_cs_client */;

--
-- Dumping data for table `productsdiscounts`
--

LOCK TABLES `productsdiscounts` WRITE;
/*!40000 ALTER TABLE `productsdiscounts` DISABLE KEYS */;
INSERT INTO `productsdiscounts` VALUES ('590a6dd2-baf2-4b64-8bd6-75f3874dea8a',1),('8997ccff-e004-4627-a897-df7a6012f563',1),('8d9ec5ca-67ac-4e1b-b05d-f8e2bad66c7a',1),('b6ff6ba9-6dd3-408d-9acc-af4dcc2b90c3',1),('cd3507b7-f023-4a06-8dd4-b776520d266d',1),('d7f2059b-97ef-4edc-9544-11859ea4eb4f',1),('0a405179-7c98-429d-b564-5bbd75864fe3',2),('3be96477-95de-4bfd-8be7-60fad2020e84',3),('57366b38-e463-4536-bcd8-5535d01cd4b8',3),('dadbd70a-7cb5-460e-a26c-6fb7d77c11ac',3),('f12ace16-8ce7-43a4-b5fa-da0fe4070e4c',4);
/*!40000 ALTER TABLE `productsdiscounts` ENABLE KEYS */;
UNLOCK TABLES;

--
-- Table structure for table `productsize`
--

DROP TABLE IF EXISTS `productsize`;
/*!40101 SET @saved_cs_client     = @@character_set_client */;
/*!50503 SET character_set_client = utf8mb4 */;
CREATE TABLE `productsize` (
  `id` varchar(36) NOT NULL,
  `height` int DEFAULT NULL,
  `width` int DEFAULT NULL,
  `length` int DEFAULT NULL,
  `weight` int DEFAULT NULL,
  `productid` int DEFAULT NULL,
  PRIMARY KEY (`id`),
  KEY `productid` (`productid`),
  CONSTRAINT `productsize_ibfk_1` FOREIGN KEY (`productid`) REFERENCES `products` (`ProductID`)
) ENGINE=InnoDB DEFAULT CHARSET=utf8mb4 COLLATE=utf8mb4_0900_ai_ci;
/*!40101 SET character_set_client = @saved_cs_client */;

--
-- Dumping data for table `productsize`
--

LOCK TABLES `productsize` WRITE;
/*!40000 ALTER TABLE `productsize` DISABLE KEYS */;
INSERT INTO `productsize` VALUES ('023b4402-81f5-4d98-b3bf-c3443e4e6603',10,5,5,400,8),('02f6ee71-a090-4872-a9d2-50dbd91078fd',14,7,7,450,6),('0341ab81-4e45-4767-b013-4d0d910e27ed',6,10,10,113,40),('0db71e39-11b6-4ea7-ad3d-230b7473a75b',10,10,20,1000,45),('100a4ad8-806a-446f-9d86-552a06fe064d',30,20,20,2000,52),('11057d40-cc76-4489-a24e-5f1f736d1e3d',10,10,15,300,51),('1d4e2a1b-00a5-45e2-aa45-29b30e6b9717',5,10,15,100,48),('245f3ce0-46cc-4eff-bec6-2fdfc1492204',10,7,7,250,36),('2c0427a0-199f-42f1-87eb-4195829e118c',15,10,10,500,43),('2e2bcece-1fb3-426d-a6f7-81eb0a797acb',10,10,10,450,46),('327c6314-c2a2-4418-b31c-422e07105c88',30,8,8,750,38),('3504dab5-f748-45d8-8f11-70bf4e08b831',9,5,5,300,10),('368d4059-3205-4f25-abd1-9124334f4ab5',25,8,8,340,35),('3ce5999e-1873-4851-9ea1-1b47d59331fb',25,7,7,500,61),('3dc25a51-643f-4d27-a27c-bf4f834f319e',12,6,6,300,2),('4272492d-8c7a-4bb9-a074-196d4ee39e31',10,10,15,300,20),('4287fdbb-b029-4bae-9256-d7c4365ab5b1',5,15,20,500,55),('4299ce66-49fd-4417-9f11-ae2ddbea207d',8,4,4,200,4),('4ca90010-bc88-4bcd-984a-1e9b04f55c08',10,10,15,1000,17),('4d474ff5-11e5-49a0-af88-fe9e3a413818',30,20,15,2000,44),('4fe61926-e521-4e56-9aab-44a35106d283',25,6,6,250,15),('56313dba-63e0-4995-911c-a4afb313e969',5,10,15,500,37),('56d6c8d5-38d5-4aa0-b513-87e2e6475250',30,20,20,10000,69),('575f9494-6b90-4ea3-934c-2e8fff8c06fb',10,5,15,100,50),('5e03b958-1701-4036-ac97-0dcba20e0dbc',10,8,12,50,49),('5f811de9-2e57-4200-b871-1bf1869f1894',25,20,20,1500,29),('62bb96e1-5d04-4e4a-bc89-0818568741a1',5,10,15,250,23),('6a5ec43b-014a-4210-9085-661351c85bcb',5,10,15,150,58),('6daf9373-2b51-4acf-ad4e-1eaab3f47284',12,6,6,350,7),('71be9aca-fcc2-4b7e-b22d-63dc7e3047e6',25,8,8,340,67),('7a6b710c-2719-46e6-b0a4-548995314ca8',5,15,20,150,68),('7f07d085-1f15-47b9-98c4-7e2d134f9739',5,15,20,500,77),('82ea9427-ffa3-4e04-9e88-efa6d7db995b',5,15,20,113,47),('8423aa5a-f690-4be3-8d17-c0c7a5227a49',25,8,8,340,34),('87197fdf-cc04-4e96-9959-f10bcc582815',10,20,25,800,64),('8cd62046-14b3-4507-9cb7-f08c9cba41ec',30,20,20,5000,74),('8cf79ba1-140a-4b97-a77e-2e46211ec679',5,10,10,100,14),('8def537e-9931-439a-ae32-b798a9114a83',25,8,8,500,75),('910cb0d7-f20b-4dc9-909b-e7710406c9df',30,7,7,500,76),('94547304-daad-493e-a8ef-9c2411dfd355',5,15,15,200,21),('975bd472-ac03-4210-853a-0635608375ef',5,10,15,250,57),('9a9f228b-8c60-47cb-bb74-41a4a5247511',10,20,20,500,16),('9d46de03-eea4-4294-b81b-e75cd93bee07',15,8,8,450,25),('a7f63235-70e1-4e9d-9796-0a6cc2fb702c',10,10,10,340,41),('adeddb96-c973-4168-86d6-29f669cf8e94',10,5,10,100,27),('b1525f70-6290-4bbb-a5bb-eb8ee829f418',15,10,10,825,28),('b20d4380-89c4-45bd-be70-3c623274e430',5,8,8,150,73),('b294b512-f26e-4781-b4e2-27fdd6f94a9a',5,10,15,250,56),('b4bac5f7-4269-4450-a975-8ca308b68912',5,10,10,500,33),('b5833247-ca76-4a97-b6bd-69dd66cf290c',5,10,15,100,31),('b70f625f-1117-4793-b2a9-151e92d71333',10,5,5,250,5),('b9301cd8-b22f-4378-b2f5-f0a799e8eee5',30,30,30,16000,18),('bab157a5-054d-493d-b7e3-0e49c48af1b6',10,6,6,200,30),('bccf88aa-7180-4c49-95fd-b4fd3179f49e',5,10,15,200,72),('bcd7ea1c-356d-439d-8639-bf552a6eacc0',5,10,15,500,12),('bdea962e-17ed-4c3d-9fc2-118c62757199',20,30,30,5000,59),('c1c83be7-7e58-447d-a20d-c62a02502b03',12,6,6,355,24),('c29d6a69-6ddc-4f4b-b2b1-145c42fcaae5',15,8,8,625,63),('c2f9f880-69ea-4e17-9180-c1496c14b477',5,10,15,500,22),('c50db52c-398c-4d4f-ac93-92bddfe72bfb',10,10,15,200,32),('c6e031a1-283a-48bf-a62d-bc94b7abe30d',10,15,25,1000,42),('ce6dc35b-1c0a-4be4-93a9-f6b42d68dc45',10,15,20,1000,53),('d6c81b60-0f50-4954-879e-7979740ee03e',5,10,15,500,71),('d8e4c61e-253c-4cc3-bed7-c5f24dbbd51c',25,8,8,355,70),('d8ffc3fa-3d4e-4fbd-95af-681d8db95567',12,6,6,227,66),('db1047e6-d601-4e0a-a6e1-d516854b658a',5,10,10,300,60),('dc721c56-245a-493e-b20b-12deff9af073',10,15,20,250,26),('ddc875f0-6f37-4bcb-9eac-500a97ceaead',15,7,7,500,3),('e1452206-81fa-4bbe-a2a7-dc4e79c573ed',15,10,20,120,19),('e2fe387e-9163-4290-8103-c02c023b9a29',20,20,30,2000,13),('e3475c5d-1145-43c0-ba22-6ad1c50e8404',5,20,20,400,62),('e36661dc-c45f-4265-bfed-0feac8a59fee',20,5,5,227,65),('e5f0b938-b4dd-4a2b-a8a1-c46d2bc12375',8,4,4,200,9),('ecdd1009-a1cf-4df5-8453-feb6003e80cc',10,10,10,1000,11),('f844f117-90d7-4e0f-b347-217e4c0a2a05',10,5,5,250,1),('fa96c060-1c0a-4c08-a170-49c5696fb7ad',5,20,20,400,54),('febb8dda-4fdd-4dbe-a290-a3052e524bce',30,8,8,750,39);
/*!40000 ALTER TABLE `productsize` ENABLE KEYS */;
UNLOCK TABLES;

--
-- Temporary view structure for view `productsizeinfo`
--

DROP TABLE IF EXISTS `productsizeinfo`;
/*!50001 DROP VIEW IF EXISTS `productsizeinfo`*/;
SET @saved_cs_client     = @@character_set_client;
/*!50503 SET character_set_client = utf8mb4 */;
/*!50001 CREATE VIEW `productsizeinfo` AS SELECT 
 1 AS `ProductID`,
 1 AS `ProductName`,
 1 AS `CategoryID`,
 1 AS `QuantityPerUnit`,
 1 AS `UnitPrice`,
 1 AS `UnitsInStock`,
 1 AS `Discontinued`,
 1 AS `Picture`,
 1 AS `Description`,
 1 AS `CategoryName`,
 1 AS `Height`,
 1 AS `Width`,
 1 AS `Length`,
 1 AS `Weight`*/;
SET character_set_client = @saved_cs_client;

--
-- Table structure for table `roles`
--

DROP TABLE IF EXISTS `roles`;
/*!40101 SET @saved_cs_client     = @@character_set_client */;
/*!50503 SET character_set_client = utf8mb4 */;
CREATE TABLE `roles` (
  `RoleID` int NOT NULL AUTO_INCREMENT,
  `Rolename` varchar(20) NOT NULL,
  PRIMARY KEY (`RoleID`)
) ENGINE=InnoDB AUTO_INCREMENT=4 DEFAULT CHARSET=utf8mb3;
/*!40101 SET character_set_client = @saved_cs_client */;

--
-- Dumping data for table `roles`
--

LOCK TABLES `roles` WRITE;
/*!40000 ALTER TABLE `roles` DISABLE KEYS */;
INSERT INTO `roles` VALUES (1,'CUSTOMER'),(2,'EMPLOYEE'),(3,'ADMIN');
/*!40000 ALTER TABLE `roles` ENABLE KEYS */;
UNLOCK TABLES;

--
-- Table structure for table `shippers`
--

DROP TABLE IF EXISTS `shippers`;
/*!40101 SET @saved_cs_client     = @@character_set_client */;
/*!50503 SET character_set_client = utf8mb4 */;
CREATE TABLE `shippers` (
  `ShipperID` int NOT NULL AUTO_INCREMENT,
  `CompanyName` varchar(40) NOT NULL,
  `Phone` varchar(24) DEFAULT NULL,
  PRIMARY KEY (`ShipperID`)
) ENGINE=InnoDB AUTO_INCREMENT=4 DEFAULT CHARSET=utf8mb4 COLLATE=utf8mb4_0900_ai_ci;
/*!40101 SET character_set_client = @saved_cs_client */;

--
-- Dumping data for table `shippers`
--

LOCK TABLES `shippers` WRITE;
/*!40000 ALTER TABLE `shippers` DISABLE KEYS */;
INSERT INTO `shippers` VALUES (1,'Speedy Express','(503) 555-9831'),(2,'United Package','(503) 555-3199'),(3,'Federal Shipping','(503) 555-9931');
/*!40000 ALTER TABLE `shippers` ENABLE KEYS */;
UNLOCK TABLES;

--
-- Table structure for table `topics`
--

DROP TABLE IF EXISTS `topics`;
/*!40101 SET @saved_cs_client     = @@character_set_client */;
/*!50503 SET character_set_client = utf8mb4 */;
CREATE TABLE `topics` (
  `TopicID` int NOT NULL AUTO_INCREMENT,
  `TopicName` varchar(20) DEFAULT NULL,
  PRIMARY KEY (`TopicID`)
) ENGINE=InnoDB AUTO_INCREMENT=3 DEFAULT CHARSET=utf8mb4 COLLATE=utf8mb4_0900_ai_ci;
/*!40101 SET character_set_client = @saved_cs_client */;

--
-- Dumping data for table `topics`
--

LOCK TABLES `topics` WRITE;
/*!40000 ALTER TABLE `topics` DISABLE KEYS */;
INSERT INTO `topics` VALUES (1,'Order'),(2,'Account');
/*!40000 ALTER TABLE `topics` ENABLE KEYS */;
UNLOCK TABLES;

--
-- Temporary view structure for view `userdetails`
--

DROP TABLE IF EXISTS `userdetails`;
/*!50001 DROP VIEW IF EXISTS `userdetails`*/;
SET @saved_cs_client     = @@character_set_client;
/*!50503 SET character_set_client = utf8mb4 */;
/*!50001 CREATE VIEW `userdetails` AS SELECT 
 1 AS `UserID`,
 1 AS `Username`,
 1 AS `Email`,
 1 AS `RoleID`,
 1 AS `Rolename`,
 1 AS `FirstName`,
 1 AS `LastName`,
 1 AS `Picture`,
 1 AS `EmailVerified`,
 1 AS `Enabled`*/;
SET character_set_client = @saved_cs_client;

--
-- Table structure for table `userprofile`
--

DROP TABLE IF EXISTS `userprofile`;
/*!40101 SET @saved_cs_client     = @@character_set_client */;
/*!50503 SET character_set_client = utf8mb4 */;
CREATE TABLE `userprofile` (
  `ProfileID` varchar(36) NOT NULL,
  `Address` varchar(200) DEFAULT NULL,
  `City` varchar(50) DEFAULT NULL,
  `Phone` varchar(24) DEFAULT NULL,
  `Picture` varchar(256) DEFAULT NULL,
  `UserID` varchar(36) NOT NULL,
  `District` varchar(50) DEFAULT NULL,
  `Ward` varchar(50) DEFAULT NULL,
  PRIMARY KEY (`ProfileID`)
) ENGINE=InnoDB DEFAULT CHARSET=utf8mb4 COLLATE=utf8mb4_0900_ai_ci;
/*!40101 SET character_set_client = @saved_cs_client */;

--
-- Dumping data for table `userprofile`
--

LOCK TABLES `userprofile` WRITE;
/*!40000 ALTER TABLE `userprofile` DISABLE KEYS */;
INSERT INTO `userprofile` VALUES ('3a8e9fad-c24a-4e20-be0a-edce05e36150','Obere Str. 57ss','Th·ª´a Thi√™n Hu·∫ø','0379349824','5514e74a-66b3-43ed-a394-1cb981eeebcb.jpg','3072e836-7469-454d-9165-e7761f3f2eb7','Huy·ªán A L∆∞·ªõi','X√£ H·ªìng Th∆∞·ª£ng'),('47045f6a-34c4-4dc6-b3a0-fa4453b5da30',NULL,NULL,'0379349826',NULL,'704c1690-d96b-4258-bbea-061ac2261ccd',NULL,NULL),('71fc0684-de2e-4757-a11b-b8b85ed9ba1b',NULL,NULL,NULL,'9df7ccee-b3cb-44fb-b1c2-1aae2ec946a4.png','01efea5a-2668-497b-a756-44e70191fa1b',NULL,NULL),('7e7fc974-755e-4d24-be2a-bba6fd3e5dd4','OIbanoi X','H·ªì Ch√≠ Minh','0982359945','49b0ff3f-b36a-47b4-a0d7-faf641aa99bd.jpg','47fdb832-46bb-495c-8b3d-06bb817e29db','Qu·∫≠n G√≤ V·∫•p','Ph∆∞·ªùng 10');
/*!40000 ALTER TABLE `userprofile` ENABLE KEYS */;
UNLOCK TABLES;

--
-- Table structure for table `userrole`
--

DROP TABLE IF EXISTS `userrole`;
/*!40101 SET @saved_cs_client     = @@character_set_client */;
/*!50503 SET character_set_client = utf8mb4 */;
CREATE TABLE `userrole` (
  `UserID` char(36) NOT NULL,
  `RoleID` int NOT NULL,
  PRIMARY KEY (`UserID`,`RoleID`),
  KEY `RoleID` (`RoleID`),
  CONSTRAINT `userrole_ibfk_1` FOREIGN KEY (`UserID`) REFERENCES `users` (`UserID`),
  CONSTRAINT `userrole_ibfk_2` FOREIGN KEY (`RoleID`) REFERENCES `roles` (`RoleID`)
) ENGINE=InnoDB DEFAULT CHARSET=utf8mb3;
/*!40101 SET character_set_client = @saved_cs_client */;

--
-- Dumping data for table `userrole`
--

LOCK TABLES `userrole` WRITE;
/*!40000 ALTER TABLE `userrole` DISABLE KEYS */;
INSERT INTO `userrole` VALUES ('3072e836-7469-454d-9165-e7761f3f2eb7',1),('704c1690-d96b-4258-bbea-061ac2261ccd',1),('01efea5a-2668-497b-a756-44e70191fa1b',2),('47fdb832-46bb-495c-8b3d-06bb817e29db',2),('47fdb832-46bb-495c-8b3d-06bb817e29db',3);
/*!40000 ALTER TABLE `userrole` ENABLE KEYS */;
UNLOCK TABLES;

--
-- Temporary view structure for view `userroles`
--

DROP TABLE IF EXISTS `userroles`;
/*!50001 DROP VIEW IF EXISTS `userroles`*/;
SET @saved_cs_client     = @@character_set_client;
/*!50503 SET character_set_client = utf8mb4 */;
/*!50001 CREATE VIEW `userroles` AS SELECT 
 1 AS `UserID`,
 1 AS `Username`,
 1 AS `Email`,
 1 AS `RoleID`,
 1 AS `Rolename`*/;
SET character_set_client = @saved_cs_client;

--
-- Table structure for table `users`
--

DROP TABLE IF EXISTS `users`;
/*!40101 SET @saved_cs_client     = @@character_set_client */;
/*!50503 SET character_set_client = utf8mb4 */;
CREATE TABLE `users` (
  `UserID` char(36) NOT NULL,
  `Username` varchar(20) NOT NULL,
  `Password` varchar(255) DEFAULT NULL,
  `Email` varchar(320) DEFAULT NULL,
  `Enabled` bit(1) NOT NULL,
  `EmailVerified` bit(1) DEFAULT NULL,
  `FirstName` varchar(10) DEFAULT NULL,
  `LastName` varchar(20) DEFAULT NULL,
  PRIMARY KEY (`UserID`)
) ENGINE=InnoDB DEFAULT CHARSET=utf8mb3;
/*!40101 SET character_set_client = @saved_cs_client */;

--
-- Dumping data for table `users`
--

LOCK TABLES `users` WRITE;
/*!40000 ALTER TABLE `users` DISABLE KEYS */;
INSERT INTO `users` VALUES ('01efea5a-2668-497b-a756-44e70191fa1b','trongphuc123','$2a$10$Xeu34/NLqwySDUXLrG5Q4O6Hvb9VPgOj/4df2PFFejFQDo8D40prK','trongphuc123@example.com',_binary '',_binary '','Phuc','Nguyen'),('3072e836-7469-454d-9165-e7761f3f2eb7','happy123','$2a$10$uQ/ebTNFyXjEUQiwlQp.WeVh/hCIGa28xSfqpS5oc617lHCxqOqKy','happy123@gmail.com',_binary '',_binary '','Phuc','Nguyen'),('47fdb832-46bb-495c-8b3d-06bb817e29db','another2001','$2a$12$4QnH1RBnsz5xn/vv6zpO7efFq29ZI/jjxGWoxMqLGBp5ncy/9GH2.','another2001@example.com',_binary '',_binary '','Phuc','Nguyen'),('704c1690-d96b-4258-bbea-061ac2261ccd','trongphuc22153','$2a$12$aaaEM/2AohIQvI0Po9BJJOyo4ovTs/8dUhB2NbqEaxwPlqlViXume','trongphuc22153@gmail.com',_binary '',_binary '','Phuc','Nguyen');
/*!40000 ALTER TABLE `users` ENABLE KEYS */;
UNLOCK TABLES;

--
-- Table structure for table `userverification`
--

DROP TABLE IF EXISTS `userverification`;
/*!40101 SET @saved_cs_client     = @@character_set_client */;
/*!50503 SET character_set_client = utf8mb4 */;
CREATE TABLE `userverification` (
  `id` varchar(36) NOT NULL,
  `phoneverification` bit(1) DEFAULT NULL,
  `profileverification` bit(1) DEFAULT NULL,
  `profileid` varchar(36) DEFAULT NULL,
  PRIMARY KEY (`id`),
  KEY `profileid` (`profileid`),
  CONSTRAINT `userverification_ibfk_1` FOREIGN KEY (`profileid`) REFERENCES `userprofile` (`ProfileID`)
) ENGINE=InnoDB DEFAULT CHARSET=utf8mb4 COLLATE=utf8mb4_0900_ai_ci;
/*!40101 SET character_set_client = @saved_cs_client */;

--
-- Dumping data for table `userverification`
--

LOCK TABLES `userverification` WRITE;
/*!40000 ALTER TABLE `userverification` DISABLE KEYS */;
INSERT INTO `userverification` VALUES ('01c7dacb-ddc6-4b84-9ccc-76016fb4633c',_binary '\0',_binary '\0','7e7fc974-755e-4d24-be2a-bba6fd3e5dd4'),('12b334b0-af6a-4cc3-a0bb-eddc4271f1a6',_binary '\0',_binary '\0','71fc0684-de2e-4757-a11b-b8b85ed9ba1b'),('e7d3bea8-52ae-4b56-9b45-9bd14d56d7f5',_binary '\0',_binary '\0','47045f6a-34c4-4dc6-b3a0-fa4453b5da30'),('f7a6fbca-e55b-439f-bd3f-356823ccc38e',_binary '\0',_binary '\0','3a8e9fad-c24a-4e20-be0a-edce05e36150');
/*!40000 ALTER TABLE `userverification` ENABLE KEYS */;
UNLOCK TABLES;

--
-- Table structure for table `verificationtoken`
--

DROP TABLE IF EXISTS `verificationtoken`;
/*!40101 SET @saved_cs_client     = @@character_set_client */;
/*!50503 SET character_set_client = utf8mb4 */;
CREATE TABLE `verificationtoken` (
  `id` varchar(36) NOT NULL,
  `token` varchar(1000) NOT NULL,
  `userId` char(36) CHARACTER SET utf8mb3 COLLATE utf8mb3_general_ci DEFAULT NULL,
  `expiryDate` datetime DEFAULT NULL,
  `type` varchar(20) NOT NULL,
  PRIMARY KEY (`id`),
  KEY `userId` (`userId`),
  CONSTRAINT `verificationtoken_ibfk_1` FOREIGN KEY (`userId`) REFERENCES `Users` (`UserID`)
) ENGINE=InnoDB DEFAULT CHARSET=utf8mb4 COLLATE=utf8mb4_0900_ai_ci;
/*!40101 SET character_set_client = @saved_cs_client */;

--
-- Dumping data for table `verificationtoken`
--

LOCK TABLES `verificationtoken` WRITE;
/*!40000 ALTER TABLE `verificationtoken` DISABLE KEYS */;
/*!40000 ALTER TABLE `verificationtoken` ENABLE KEYS */;
UNLOCK TABLES;

--
-- Dumping events for database 'phucxfoodshop'
--

--
-- Dumping routines for database 'phucxfoodshop'
--
/*!50003 DROP PROCEDURE IF EXISTS `AddCategory` */;
/*!50003 SET @saved_cs_client      = @@character_set_client */ ;
/*!50003 SET @saved_cs_results     = @@character_set_results */ ;
/*!50003 SET @saved_col_connection = @@collation_connection */ ;
/*!50003 SET character_set_client  = utf8mb4 */ ;
/*!50003 SET character_set_results = utf8mb4 */ ;
/*!50003 SET collation_connection  = utf8mb4_0900_ai_ci */ ;
/*!50003 SET @saved_sql_mode       = @@sql_mode */ ;
/*!50003 SET sql_mode              = 'ONLY_FULL_GROUP_BY,STRICT_TRANS_TABLES,NO_ZERO_IN_DATE,NO_ZERO_DATE,ERROR_FOR_DIVISION_BY_ZERO,NO_ENGINE_SUBSTITUTION' */ ;
DELIMITER ;;
CREATE DEFINER=`root`@`localhost` PROCEDURE `AddCategory`(
  IN categoryname VARCHAR(15),
  IN description TEXT,
  IN picture VARCHAR(256),
  OUT result BIT
)
BEGIN
  DECLARE EXIT HANDLER FOR SQLEXCEPTION
  BEGIN
    ROLLBACK;
    SET result = 0;
  END;

  START TRANSACTION;
  IF NOT EXISTS (SELECT * FROM Categories c WHERE c.CategoryName = categoryname) THEN
    INSERT INTO Categories (CategoryName, Description, Picture)
    VALUES (categoryname, description, picture);
    SET result = 1;
  ELSE
    SET result = 0;
  END IF;
  COMMIT;
END ;;
DELIMITER ;
/*!50003 SET sql_mode              = @saved_sql_mode */ ;
/*!50003 SET character_set_client  = @saved_cs_client */ ;
/*!50003 SET character_set_results = @saved_cs_results */ ;
/*!50003 SET collation_connection  = @saved_col_connection */ ;
/*!50003 DROP PROCEDURE IF EXISTS `AddNewCustomer` */;
/*!50003 SET @saved_cs_client      = @@character_set_client */ ;
/*!50003 SET @saved_cs_results     = @@character_set_results */ ;
/*!50003 SET @saved_col_connection = @@collation_connection */ ;
/*!50003 SET character_set_client  = utf8mb4 */ ;
/*!50003 SET character_set_results = utf8mb4 */ ;
/*!50003 SET collation_connection  = utf8mb4_0900_ai_ci */ ;
/*!50003 SET @saved_sql_mode       = @@sql_mode */ ;
/*!50003 SET sql_mode              = 'ONLY_FULL_GROUP_BY,STRICT_TRANS_TABLES,NO_ZERO_IN_DATE,NO_ZERO_DATE,ERROR_FOR_DIVISION_BY_ZERO,NO_ENGINE_SUBSTITUTION' */ ;
DELIMITER ;;
CREATE DEFINER=`root`@`localhost` PROCEDURE `AddNewCustomer`(IN profileID CHAR(36), IN userID CHAR(36), 
	IN customerID CHAR(36), IN contactName VARCHAR(30), OUT result BIT)
BEGIN
    DECLARE EXIT HANDLER FOR SQLEXCEPTION
    BEGIN
        ROLLBACK;
        SET result = 0;
    END;

    START TRANSACTION;
    BEGIN
        INSERT INTO UserProfile (ProfileID, UserID) VALUES (profileID, userID);
        insert into userverification(id, phoneverification, profileverification, profileid) 
        values(UUID(), 0, 0, profileID);
        INSERT INTO Customers (CustomerID, ContactName, ProfileID) VALUES (customerID, contactName, profileID);
        SET result = 1;
        COMMIT;
    END;
END ;;
DELIMITER ;
/*!50003 SET sql_mode              = @saved_sql_mode */ ;
/*!50003 SET character_set_client  = @saved_cs_client */ ;
/*!50003 SET character_set_results = @saved_cs_results */ ;
/*!50003 SET collation_connection  = @saved_col_connection */ ;
/*!50003 DROP PROCEDURE IF EXISTS `AddNewEmployee` */;
/*!50003 SET @saved_cs_client      = @@character_set_client */ ;
/*!50003 SET @saved_cs_results     = @@character_set_results */ ;
/*!50003 SET @saved_col_connection = @@collation_connection */ ;
/*!50003 SET character_set_client  = utf8mb4 */ ;
/*!50003 SET character_set_results = utf8mb4 */ ;
/*!50003 SET collation_connection  = utf8mb4_0900_ai_ci */ ;
/*!50003 SET @saved_sql_mode       = @@sql_mode */ ;
/*!50003 SET sql_mode              = 'ONLY_FULL_GROUP_BY,STRICT_TRANS_TABLES,NO_ZERO_IN_DATE,NO_ZERO_DATE,ERROR_FOR_DIVISION_BY_ZERO,NO_ENGINE_SUBSTITUTION' */ ;
DELIMITER ;;
CREATE DEFINER=`root`@`localhost` PROCEDURE `AddNewEmployee`(IN profileID CHAR(36), IN userID CHAR(36), 
	IN employeeID CHAR(36), OUT result BIT)
BEGIN
    DECLARE EXIT HANDLER FOR SQLEXCEPTION
    BEGIN
        ROLLBACK;
        SET result = 0;
    END;

    START TRANSACTION;
    BEGIN
        INSERT INTO UserProfile (ProfileID, UserID) VALUES (profileID, userID);
        INSERT INTO Employees (EmployeeID, ProfileID) VALUES (employeeID, profileID);
        SET result = 1;
        COMMIT;
    END;
END ;;
DELIMITER ;
/*!50003 SET sql_mode              = @saved_sql_mode */ ;
/*!50003 SET character_set_client  = @saved_cs_client */ ;
/*!50003 SET character_set_results = @saved_cs_results */ ;
/*!50003 SET collation_connection  = @saved_col_connection */ ;
/*!50003 DROP PROCEDURE IF EXISTS `AssignUserRole` */;
/*!50003 SET @saved_cs_client      = @@character_set_client */ ;
/*!50003 SET @saved_cs_results     = @@character_set_results */ ;
/*!50003 SET @saved_col_connection = @@collation_connection */ ;
/*!50003 SET character_set_client  = utf8mb4 */ ;
/*!50003 SET character_set_results = utf8mb4 */ ;
/*!50003 SET collation_connection  = utf8mb4_0900_ai_ci */ ;
/*!50003 SET @saved_sql_mode       = @@sql_mode */ ;
/*!50003 SET sql_mode              = 'ONLY_FULL_GROUP_BY,STRICT_TRANS_TABLES,NO_ZERO_IN_DATE,NO_ZERO_DATE,ERROR_FOR_DIVISION_BY_ZERO,NO_ENGINE_SUBSTITUTION' */ ;
DELIMITER ;;
CREATE DEFINER=`root`@`localhost` PROCEDURE `AssignUserRole`(IN username VARCHAR(20), IN roleName VARCHAR(20), out result bit)
BEGIN
	declare exit handler for sqlexception
    begin
		rollback;
        set result=0;
    end;

    IF NOT EXISTS (SELECT * FROM UserRoles ur WHERE ur.Username = username AND ur.RoleName = roleName) THEN
        START TRANSACTION;
        BEGIN
            INSERT INTO UserRole (UserID, RoleID) 
            select u.userid, r.roleid 
            from users u, roles r 
            where u.username=username and r.rolename=rolename;
            
            set result=1;
            COMMIT;
        END;
    ELSE
        SELECT 'UserRole has been existed' AS message;
        set result=0;
    END IF;
END ;;
DELIMITER ;
/*!50003 SET sql_mode              = @saved_sql_mode */ ;
/*!50003 SET character_set_client  = @saved_cs_client */ ;
/*!50003 SET character_set_results = @saved_cs_results */ ;
/*!50003 SET collation_connection  = @saved_col_connection */ ;
/*!50003 DROP PROCEDURE IF EXISTS `AssignUserRoles` */;
/*!50003 SET @saved_cs_client      = @@character_set_client */ ;
/*!50003 SET @saved_cs_results     = @@character_set_results */ ;
/*!50003 SET @saved_col_connection = @@collation_connection */ ;
/*!50003 SET character_set_client  = utf8mb4 */ ;
/*!50003 SET character_set_results = utf8mb4 */ ;
/*!50003 SET collation_connection  = utf8mb4_0900_ai_ci */ ;
/*!50003 SET @saved_sql_mode       = @@sql_mode */ ;
/*!50003 SET sql_mode              = 'ONLY_FULL_GROUP_BY,STRICT_TRANS_TABLES,NO_ZERO_IN_DATE,NO_ZERO_DATE,ERROR_FOR_DIVISION_BY_ZERO,NO_ENGINE_SUBSTITUTION' */ ;
DELIMITER ;;
CREATE DEFINER=`root`@`localhost` PROCEDURE `AssignUserRoles`(
  IN username VARCHAR(20),
  IN listRoleID VARCHAR(255),
  OUT result BIT
)
BEGIN
  DECLARE userID CHAR(36);
  DECLARE EXIT HANDLER FOR SQLEXCEPTION
  BEGIN
    ROLLBACK;
    SET result = 0;
  END;

  START TRANSACTION;

  SELECT userID = UserID FROM Users WHERE Username = username;

  DROP TEMPORARY TABLE IF EXISTS ListTable;
  CREATE TEMPORARY TABLE ListTable (RoleID INT);
  INSERT INTO ListTable (RoleID)
  SELECT CAST(substring_index(substring_index(listRoleID, ',', n), ',', -1) AS UNSIGNED)
  FROM (SELECT @row := @row + 1 AS n FROM (SELECT 0) r, (SELECT @row := 0) init
       WHERE @row < LENGTH(listRoleID) - LENGTH(REPLACE(listRoleID, ',', '')) + 1) num
  CROSS JOIN (SELECT @row) r;

  DELETE FROM UserRole ur WHERE ur.UserID = userID;

  INSERT INTO UserRole (UserID, RoleID)
  SELECT userID, RoleID FROM ListTable;

  COMMIT;
  SET result = 1;
END ;;
DELIMITER ;
/*!50003 SET sql_mode              = @saved_sql_mode */ ;
/*!50003 SET character_set_client  = @saved_cs_client */ ;
/*!50003 SET character_set_results = @saved_cs_results */ ;
/*!50003 SET collation_connection  = @saved_col_connection */ ;
/*!50003 DROP PROCEDURE IF EXISTS `CreateCustomerUser` */;
/*!50003 SET @saved_cs_client      = @@character_set_client */ ;
/*!50003 SET @saved_cs_results     = @@character_set_results */ ;
/*!50003 SET @saved_col_connection = @@collation_connection */ ;
/*!50003 SET character_set_client  = utf8mb4 */ ;
/*!50003 SET character_set_results = utf8mb4 */ ;
/*!50003 SET collation_connection  = utf8mb4_0900_ai_ci */ ;
/*!50003 SET @saved_sql_mode       = @@sql_mode */ ;
/*!50003 SET sql_mode              = 'ONLY_FULL_GROUP_BY,STRICT_TRANS_TABLES,NO_ZERO_IN_DATE,NO_ZERO_DATE,ERROR_FOR_DIVISION_BY_ZERO,NO_ENGINE_SUBSTITUTION' */ ;
DELIMITER ;;
CREATE DEFINER=`root`@`localhost` PROCEDURE `CreateCustomerUser`(
	IN userID varchar(36),
    IN customerID varchar(36),
    IN profileID varchar(36),
	IN firstname varchar(10),
    IN lastname varchar(20),
    IN email VARCHAR(320),
    IN username varchar(20),
    IN password varchar(255),
	OUT result BIT
)
begin
    declare contactname varchar(30);
	declare exit handler for sqlexception
    begin
		rollback;
        set result = 0;
	end;
	start transaction;
    begin
        set contactname = firstname;
		INSERT INTO users(userid, username, password, email, enabled, EmailVerified, firstname, lastname)
        values(userID, username, password, email, 1, 0, firstname, lastname);
        
        INSERT INTO userrole(userid, roleid)
        select userID, r.roleid
        from roles r
        where r.rolename='CUSTOMER';
        
        INSERT INTO userprofile (ProfileID, UserID) 
        VALUES (profileID, userID);
        
        INSERT INTO creditcard(id, userid)
        VALUES(uuid(), userID);
        
        INSERT INTO userverification(id, phoneverification, profileverification, profileid) 
        VALUES(UUID(), 0, 0, profileID);
        
        INSERT INTO customers (CustomerID, ContactName, ProfileID) 
        VALUES (customerID, contactname, profileID);
        SET result = 1;
        commit;
    end;	
end ;;
DELIMITER ;
/*!50003 SET sql_mode              = @saved_sql_mode */ ;
/*!50003 SET character_set_client  = @saved_cs_client */ ;
/*!50003 SET character_set_results = @saved_cs_results */ ;
/*!50003 SET collation_connection  = @saved_col_connection */ ;
/*!50003 DROP PROCEDURE IF EXISTS `CreateEmployeeUser` */;
/*!50003 SET @saved_cs_client      = @@character_set_client */ ;
/*!50003 SET @saved_cs_results     = @@character_set_results */ ;
/*!50003 SET @saved_col_connection = @@collation_connection */ ;
/*!50003 SET character_set_client  = utf8mb4 */ ;
/*!50003 SET character_set_results = utf8mb4 */ ;
/*!50003 SET collation_connection  = utf8mb4_0900_ai_ci */ ;
/*!50003 SET @saved_sql_mode       = @@sql_mode */ ;
/*!50003 SET sql_mode              = 'ONLY_FULL_GROUP_BY,STRICT_TRANS_TABLES,NO_ZERO_IN_DATE,NO_ZERO_DATE,ERROR_FOR_DIVISION_BY_ZERO,NO_ENGINE_SUBSTITUTION' */ ;
DELIMITER ;;
CREATE DEFINER=`root`@`localhost` PROCEDURE `CreateEmployeeUser`(
	IN userID varchar(36),
    IN employeeID varchar(36),
    IN profileID varchar(36),
	IN firstname varchar(10),
    IN lastname varchar(20),
    IN email VARCHAR(320),
    IN username varchar(20),
    IN password varchar(255),
	OUT result BIT
)
begin 
	declare contactname varchar(30);
	declare exit handler for sqlexception
    begin
		rollback;
        set result = 0;
	end;
	start transaction;
    begin
        set contactname = firstname;
		INSERT INTO users(userid, username, password, email, enabled, EmailVerified, firstname, lastname)
        values(userID, username, password, email, 1, 0, firstname, lastname);
        
        INSERT INTO userrole(userid, roleid)
        select userID, r.roleid
        from roles r
        where r.rolename='EMPLOYEE';

        INSERT INTO UserProfile (ProfileID, UserID) VALUES (profileID, userID);
        INSERT INTO Employees (EmployeeID, ProfileID) VALUES (employeeID, profileID);
        SET result = 1;
    end;	
end ;;
DELIMITER ;
/*!50003 SET sql_mode              = @saved_sql_mode */ ;
/*!50003 SET character_set_client  = @saved_cs_client */ ;
/*!50003 SET character_set_results = @saved_cs_results */ ;
/*!50003 SET collation_connection  = @saved_col_connection */ ;
/*!50003 DROP PROCEDURE IF EXISTS `CreateNotification` */;
/*!50003 SET @saved_cs_client      = @@character_set_client */ ;
/*!50003 SET @saved_cs_results     = @@character_set_results */ ;
/*!50003 SET @saved_col_connection = @@collation_connection */ ;
/*!50003 SET character_set_client  = utf8mb4 */ ;
/*!50003 SET character_set_results = utf8mb4 */ ;
/*!50003 SET collation_connection  = utf8mb4_0900_ai_ci */ ;
/*!50003 SET @saved_sql_mode       = @@sql_mode */ ;
/*!50003 SET sql_mode              = 'ONLY_FULL_GROUP_BY,STRICT_TRANS_TABLES,NO_ZERO_IN_DATE,NO_ZERO_DATE,ERROR_FOR_DIVISION_BY_ZERO,NO_ENGINE_SUBSTITUTION' */ ;
DELIMITER ;;
CREATE DEFINER=`root`@`localhost` PROCEDURE `CreateNotification`(
  IN notificationID CHAR(36),
  IN title VARCHAR(100),
  IN message TEXT,
  IN picture VARCHAR(256),
  IN senderID CHAR(36),
  IN receiverID CHAR(36),
  IN topicName VARCHAR(20),
  IN repliedTo CHAR(36),
  IN status VARCHAR(20),
  IN isRead TINYINT(1),
  IN time DATETIME,
  OUT result TINYINT(1)
)
BEGIN
	DECLARE topicID INT;
	  declare exit handler for sqlexception
	  begin
		rollback;
		set result=0;
	  end;
  
  SELECT t.TopicID INTO topicID FROM Topics t WHERE t.TopicName = topicName;

  IF topicID IS NOT NULL THEN
    START TRANSACTION;
    BEGIN
      INSERT INTO Notifications (NotificationID, Title, Message, SenderID, ReceiverID, TopicID, RepliedTo, Status, Time, Picture)
      VALUES (notificationID, title, message, senderID, receiverID, topicID, repliedTo, status, time, picture);

      INSERT INTO NotificationUser (NotificationID, UserID, IsRead)
      VALUES (notificationID, receiverID, isRead);

      SET result = 1;
      COMMIT;
    END;
  ELSE
    SET result = 0;
  END IF;
END ;;
DELIMITER ;
/*!50003 SET sql_mode              = @saved_sql_mode */ ;
/*!50003 SET character_set_client  = @saved_cs_client */ ;
/*!50003 SET character_set_results = @saved_cs_results */ ;
/*!50003 SET collation_connection  = @saved_col_connection */ ;
/*!50003 DROP PROCEDURE IF EXISTS `CreateOrder` */;
/*!50003 SET @saved_cs_client      = @@character_set_client */ ;
/*!50003 SET @saved_cs_results     = @@character_set_results */ ;
/*!50003 SET @saved_col_connection = @@collation_connection */ ;
/*!50003 SET character_set_client  = utf8mb4 */ ;
/*!50003 SET character_set_results = utf8mb4 */ ;
/*!50003 SET collation_connection  = utf8mb4_0900_ai_ci */ ;
/*!50003 SET @saved_sql_mode       = @@sql_mode */ ;
/*!50003 SET sql_mode              = 'ONLY_FULL_GROUP_BY,STRICT_TRANS_TABLES,NO_ZERO_IN_DATE,NO_ZERO_DATE,ERROR_FOR_DIVISION_BY_ZERO,NO_ENGINE_SUBSTITUTION' */ ;
DELIMITER ;;
CREATE DEFINER=`root`@`localhost` PROCEDURE `CreateOrder`(
  IN orderID VARCHAR(36),
  IN orderDate DATETIME,
  IN requiredDate DATETIME,
  IN shippedDate DATETIME,
  IN freight DECIMAL(10, 2),
  IN shipName VARCHAR(40),
  IN shipAddress VARCHAR(200),
  IN shipCity VARCHAR(50),
  IN shipDistrict VARCHAR(50),
  IN shipWard VARCHAR(50),
  IN phone VARCHAR(24),
  IN status VARCHAR(10),
  IN customerID CHAR(36),
  IN employeeID CHAR(36),
  IN shipperID INT,
  OUT result BIT
)
BEGIN
  DECLARE exit handler for sqlexception
  begin
	rollback;
    set result=0;
  end;

  START TRANSACTION;
  BEGIN
    INSERT INTO Orders (OrderID, OrderDate, RequiredDate, ShippedDate, Freight, ShipName, ShipAddress, ShipCity, ShipDistrict, ShipWard, Phone, Status, CustomerID, EmployeeID, ShipVia) 
    VALUES ( orderID, orderDate, requiredDate, shippedDate, freight, shipName, shipAddress, shipCity, shipDistrict, shipWard, phone, status, customerID, employeeID, shipperID);
	set result =1;
    commit;
  END;
END ;;
DELIMITER ;
/*!50003 SET sql_mode              = @saved_sql_mode */ ;
/*!50003 SET character_set_client  = @saved_cs_client */ ;
/*!50003 SET character_set_results = @saved_cs_results */ ;
/*!50003 SET collation_connection  = @saved_col_connection */ ;
/*!50003 DROP PROCEDURE IF EXISTS `CreateOrderDetail` */;
/*!50003 SET @saved_cs_client      = @@character_set_client */ ;
/*!50003 SET @saved_cs_results     = @@character_set_results */ ;
/*!50003 SET @saved_col_connection = @@collation_connection */ ;
/*!50003 SET character_set_client  = utf8mb4 */ ;
/*!50003 SET character_set_results = utf8mb4 */ ;
/*!50003 SET collation_connection  = utf8mb4_0900_ai_ci */ ;
/*!50003 SET @saved_sql_mode       = @@sql_mode */ ;
/*!50003 SET sql_mode              = 'ONLY_FULL_GROUP_BY,STRICT_TRANS_TABLES,NO_ZERO_IN_DATE,NO_ZERO_DATE,ERROR_FOR_DIVISION_BY_ZERO,NO_ENGINE_SUBSTITUTION' */ ;
DELIMITER ;;
CREATE DEFINER=`root`@`localhost` PROCEDURE `CreateOrderDetail`(
  IN productID INT,
  IN orderID VARCHAR(36),
  IN unitPrice DECIMAL(10, 2),
  IN quantity INT,
  OUT result BIT
)
BEGIN
  declare exit handler for sqlexception
  begin
	rollback;
    set result=0;
    end;
  START TRANSACTION;
  BEGIN
    INSERT INTO OrderDetails (OrderID, ProductID, UnitPrice, Quantity) 
    VALUES (orderID, productID, unitPrice, quantity);
	   set result =1;
	   commit;
  END;
END ;;
DELIMITER ;
/*!50003 SET sql_mode              = @saved_sql_mode */ ;
/*!50003 SET character_set_client  = @saved_cs_client */ ;
/*!50003 SET character_set_results = @saved_cs_results */ ;
/*!50003 SET collation_connection  = @saved_col_connection */ ;
/*!50003 DROP PROCEDURE IF EXISTS `CreateOrderDetailDiscount` */;
/*!50003 SET @saved_cs_client      = @@character_set_client */ ;
/*!50003 SET @saved_cs_results     = @@character_set_results */ ;
/*!50003 SET @saved_col_connection = @@collation_connection */ ;
/*!50003 SET character_set_client  = utf8mb4 */ ;
/*!50003 SET character_set_results = utf8mb4 */ ;
/*!50003 SET collation_connection  = utf8mb4_0900_ai_ci */ ;
/*!50003 SET @saved_sql_mode       = @@sql_mode */ ;
/*!50003 SET sql_mode              = 'ONLY_FULL_GROUP_BY,STRICT_TRANS_TABLES,NO_ZERO_IN_DATE,NO_ZERO_DATE,ERROR_FOR_DIVISION_BY_ZERO,NO_ENGINE_SUBSTITUTION' */ ;
DELIMITER ;;
CREATE DEFINER=`root`@`localhost` PROCEDURE `CreateOrderDetailDiscount`(
    IN orderID VARCHAR(36),
    IN productID INT,
    IN discountID VARCHAR(36),
    IN discountPercent INT,
    IN appliedDate DATETIME,
    OUT result BIT
)
BEGIN
    DECLARE EXIT HANDLER FOR SQLEXCEPTION
    BEGIN
        ROLLBACK;
        SET result = 0;
    END;

    START TRANSACTION;
    INSERT INTO orderdetailsdiscounts (DiscountID, OrderID, ProductID, AppliedDate, DiscountPercent)
    VALUES (discountID, orderID, productID, appliedDate, discountPercent);
    SET result = 1;
    COMMIT;
END ;;
DELIMITER ;
/*!50003 SET sql_mode              = @saved_sql_mode */ ;
/*!50003 SET character_set_client  = @saved_cs_client */ ;
/*!50003 SET character_set_results = @saved_cs_results */ ;
/*!50003 SET collation_connection  = @saved_col_connection */ ;
/*!50003 DROP PROCEDURE IF EXISTS `CreateOTP` */;
/*!50003 SET @saved_cs_client      = @@character_set_client */ ;
/*!50003 SET @saved_cs_results     = @@character_set_results */ ;
/*!50003 SET @saved_col_connection = @@collation_connection */ ;
/*!50003 SET character_set_client  = utf8mb4 */ ;
/*!50003 SET character_set_results = utf8mb4 */ ;
/*!50003 SET collation_connection  = utf8mb4_0900_ai_ci */ ;
/*!50003 SET @saved_sql_mode       = @@sql_mode */ ;
/*!50003 SET sql_mode              = 'ONLY_FULL_GROUP_BY,STRICT_TRANS_TABLES,NO_ZERO_IN_DATE,NO_ZERO_DATE,ERROR_FOR_DIVISION_BY_ZERO,NO_ENGINE_SUBSTITUTION' */ ;
DELIMITER ;;
CREATE DEFINER=`root`@`%` PROCEDURE `CreateOTP`(
	IN id varchar(36),
    IN value varchar(6),
    IN userId nchar(36),
    IN issueTime datetime,
    IN expiryTime datetime,
    OUT result bit
)
begin
	declare exit handler for sqlexception
    begin
		rollback;
        set result = 0;
	end;
    start transaction;
    begin
		INSERT INTO otp(id, value, userid, issuetime, expirytime) 
        values(id, value, userId, issueTime, expiryTime);
        set result =1;
        commit;
    end;
end ;;
DELIMITER ;
/*!50003 SET sql_mode              = @saved_sql_mode */ ;
/*!50003 SET character_set_client  = @saved_cs_client */ ;
/*!50003 SET character_set_results = @saved_cs_results */ ;
/*!50003 SET collation_connection  = @saved_col_connection */ ;
/*!50003 DROP PROCEDURE IF EXISTS `CreateProduct` */;
/*!50003 SET @saved_cs_client      = @@character_set_client */ ;
/*!50003 SET @saved_cs_results     = @@character_set_results */ ;
/*!50003 SET @saved_col_connection = @@collation_connection */ ;
/*!50003 SET character_set_client  = utf8mb4 */ ;
/*!50003 SET character_set_results = utf8mb4 */ ;
/*!50003 SET collation_connection  = utf8mb4_0900_ai_ci */ ;
/*!50003 SET @saved_sql_mode       = @@sql_mode */ ;
/*!50003 SET sql_mode              = 'ONLY_FULL_GROUP_BY,STRICT_TRANS_TABLES,NO_ZERO_IN_DATE,NO_ZERO_DATE,ERROR_FOR_DIVISION_BY_ZERO,NO_ENGINE_SUBSTITUTION' */ ;
DELIMITER ;;
CREATE DEFINER=`root`@`%` PROCEDURE `CreateProduct`(
	IN productName VARCHAR(40),
	IN quantityPerUnit VARCHAR(20),
	IN unitPrice DECIMAL(10, 2),
	IN unitsInStock SMALLINT,
	IN discontinued BIT,
	IN picture VARCHAR(256),
	IN description TEXT,
	IN categoryID INT,
	IN height int,
    IN width int,
    IN length int,
    IN weight int,
	OUT result bit
)
begin
	declare productid int;
	DECLARE EXIT HANDLER FOR SQLEXCEPTION
	  BEGIN
		ROLLBACK;
		SET result = 0;
	  END;
      start transaction;
      begin
		INSERT INTO products(ProductName, QuantityPerUnit, UnitPrice, UnitsInStock, Discontinued, Picture, Description, CategoryID)
		VALUES (productName, quantityPerUnit, unitPrice, unitsInStock, discontinued, picture, description, categoryID);
		
		set productid = (SELECT LAST_INSERT_ID());
        
        INSERT INTO productsize(id, height, width, length, weight, productid)
        VALUE(UUID(), height, width, length, weight, productid);
      
		set result = 1;
        commit;
      end;
end ;;
DELIMITER ;
/*!50003 SET sql_mode              = @saved_sql_mode */ ;
/*!50003 SET character_set_client  = @saved_cs_client */ ;
/*!50003 SET character_set_results = @saved_cs_results */ ;
/*!50003 SET collation_connection  = @saved_col_connection */ ;
/*!50003 DROP PROCEDURE IF EXISTS `CreateProductSize` */;
/*!50003 SET @saved_cs_client      = @@character_set_client */ ;
/*!50003 SET @saved_cs_results     = @@character_set_results */ ;
/*!50003 SET @saved_col_connection = @@collation_connection */ ;
/*!50003 SET character_set_client  = utf8mb4 */ ;
/*!50003 SET character_set_results = utf8mb4 */ ;
/*!50003 SET collation_connection  = utf8mb4_0900_ai_ci */ ;
/*!50003 SET @saved_sql_mode       = @@sql_mode */ ;
/*!50003 SET sql_mode              = 'ONLY_FULL_GROUP_BY,STRICT_TRANS_TABLES,NO_ZERO_IN_DATE,NO_ZERO_DATE,ERROR_FOR_DIVISION_BY_ZERO,NO_ENGINE_SUBSTITUTION' */ ;
DELIMITER ;;
CREATE DEFINER=`root`@`%` PROCEDURE `CreateProductSize`(
	IN productsizeid varchar(36),
    IN productid int,
    IN height int,
    IN width int,
    IN length int,
    IN weight int,
    OUT result bit
)
begin
	begin
		rollback;
        set result = 0;
    end;
    start transaction;
    begin
		INSERT INTO productsize(id, height, width, length, weight, productid)
        VALUE(productsizeid, height, width, length, weight, productid);
        SET result = 1;
        COMMIT;
    end;
end ;;
DELIMITER ;
/*!50003 SET sql_mode              = @saved_sql_mode */ ;
/*!50003 SET character_set_client  = @saved_cs_client */ ;
/*!50003 SET character_set_results = @saved_cs_results */ ;
/*!50003 SET collation_connection  = @saved_col_connection */ ;
/*!50003 DROP PROCEDURE IF EXISTS `CreateUserVerification` */;
/*!50003 SET @saved_cs_client      = @@character_set_client */ ;
/*!50003 SET @saved_cs_results     = @@character_set_results */ ;
/*!50003 SET @saved_col_connection = @@collation_connection */ ;
/*!50003 SET character_set_client  = utf8mb4 */ ;
/*!50003 SET character_set_results = utf8mb4 */ ;
/*!50003 SET collation_connection  = utf8mb4_0900_ai_ci */ ;
/*!50003 SET @saved_sql_mode       = @@sql_mode */ ;
/*!50003 SET sql_mode              = 'ONLY_FULL_GROUP_BY,STRICT_TRANS_TABLES,NO_ZERO_IN_DATE,NO_ZERO_DATE,ERROR_FOR_DIVISION_BY_ZERO,NO_ENGINE_SUBSTITUTION' */ ;
DELIMITER ;;
CREATE DEFINER=`root`@`localhost` PROCEDURE `CreateUserVerification`(
	IN verificationID varchar(36),
    IN phoneVerification bit,
    IN profileVerification bit,
    IN profileID varchar(36),
    OUT result bit
)
begin
	declare exit handler for sqlexception
    begin
		rollback;
        set result=0;
	end;
    start transaction;
    begin
		insert into userverification(id, phoneverification, profileverification, profileid) 
        values(verificationID, phoneVerification, profileVerification, profileID);
        set result=1;
        commit;
	end;
end ;;
DELIMITER ;
/*!50003 SET sql_mode              = @saved_sql_mode */ ;
/*!50003 SET character_set_client  = @saved_cs_client */ ;
/*!50003 SET character_set_results = @saved_cs_results */ ;
/*!50003 SET collation_connection  = @saved_col_connection */ ;
/*!50003 DROP PROCEDURE IF EXISTS `DeleteCustomer` */;
/*!50003 SET @saved_cs_client      = @@character_set_client */ ;
/*!50003 SET @saved_cs_results     = @@character_set_results */ ;
/*!50003 SET @saved_col_connection = @@collation_connection */ ;
/*!50003 SET character_set_client  = utf8mb4 */ ;
/*!50003 SET character_set_results = utf8mb4 */ ;
/*!50003 SET collation_connection  = utf8mb4_0900_ai_ci */ ;
/*!50003 SET @saved_sql_mode       = @@sql_mode */ ;
/*!50003 SET sql_mode              = 'ONLY_FULL_GROUP_BY,STRICT_TRANS_TABLES,NO_ZERO_IN_DATE,NO_ZERO_DATE,ERROR_FOR_DIVISION_BY_ZERO,NO_ENGINE_SUBSTITUTION' */ ;
DELIMITER ;;
CREATE DEFINER=`root`@`localhost` PROCEDURE `DeleteCustomer`(
	IN username varchar(20)
)
BEGIN
	declare userId varchar(36);
    declare profileId varchar(36);
    declare customerId varchar(36);
    declare userverificationId varchar(36);
	declare exit handler for sqlexception
    begin 
		rollback;
	end;
    start transaction;
    begin
		set userId = (select u.userId from users u where u.username=username);
        set profileId = (select p.profileID from userprofile p where p.userid=userId);
        set customerId = (select c.customerid from customers c where c.profileid=profileId); 
        set userverificationId = (select uv.id from userverification uv where uv.profileid=profileId);
        
		delete c from customers c where c.customerid=customerId;
        delete uv from userverification uv where uv.id=userverificationId;
        delete p from userprofile p where p.profileid=profileId;
        delete u from users u where u.userid=userId;
        commit;
    end;
END ;;
DELIMITER ;
/*!50003 SET sql_mode              = @saved_sql_mode */ ;
/*!50003 SET character_set_client  = @saved_cs_client */ ;
/*!50003 SET character_set_results = @saved_cs_results */ ;
/*!50003 SET collation_connection  = @saved_col_connection */ ;
/*!50003 DROP PROCEDURE IF EXISTS `DeleteUserRole` */;
/*!50003 SET @saved_cs_client      = @@character_set_client */ ;
/*!50003 SET @saved_cs_results     = @@character_set_results */ ;
/*!50003 SET @saved_col_connection = @@collation_connection */ ;
/*!50003 SET character_set_client  = utf8mb4 */ ;
/*!50003 SET character_set_results = utf8mb4 */ ;
/*!50003 SET collation_connection  = utf8mb4_0900_ai_ci */ ;
/*!50003 SET @saved_sql_mode       = @@sql_mode */ ;
/*!50003 SET sql_mode              = 'ONLY_FULL_GROUP_BY,STRICT_TRANS_TABLES,NO_ZERO_IN_DATE,NO_ZERO_DATE,ERROR_FOR_DIVISION_BY_ZERO,NO_ENGINE_SUBSTITUTION' */ ;
DELIMITER ;;
CREATE DEFINER=`root`@`localhost` PROCEDURE `DeleteUserRole`(IN username VARCHAR(20), IN roleName VARCHAR(20), out result bit)
BEGIN
	declare exit handler for sqlexception
    begin
		rollback;
        set result=0;
	end;
    IF ((SELECT COUNT(*) FROM UserRoles ur WHERE ur.Username = username AND ur.RoleName = roleName) > 0) THEN
        START TRANSACTION;
        BEGIN
            DECLARE roleID INT;
            DECLARE userID char(36);
            SET roleID = (SELECT r.RoleID FROM Roles r WHERE r.RoleName = roleName);
            SET userID = (SELECT u.UserID FROM Users u WHERE u.Username = username);

            DELETE ur 
            FROM UserRole ur
            WHERE ur.userid = userid AND ur.roleid=roleid;
			
            set result=1;
            COMMIT;
        END;
    ELSE
        SELECT 'UserRole does not exist';
        set result =0;
    END IF;
END ;;
DELIMITER ;
/*!50003 SET sql_mode              = @saved_sql_mode */ ;
/*!50003 SET character_set_client  = @saved_cs_client */ ;
/*!50003 SET character_set_results = @saved_cs_results */ ;
/*!50003 SET collation_connection  = @saved_col_connection */ ;
/*!50003 DROP PROCEDURE IF EXISTS `GetCreditCard` */;
/*!50003 SET @saved_cs_client      = @@character_set_client */ ;
/*!50003 SET @saved_cs_results     = @@character_set_results */ ;
/*!50003 SET @saved_col_connection = @@collation_connection */ ;
/*!50003 SET character_set_client  = utf8mb4 */ ;
/*!50003 SET character_set_results = utf8mb4 */ ;
/*!50003 SET collation_connection  = utf8mb4_0900_ai_ci */ ;
/*!50003 SET @saved_sql_mode       = @@sql_mode */ ;
/*!50003 SET sql_mode              = 'ONLY_FULL_GROUP_BY,STRICT_TRANS_TABLES,NO_ZERO_IN_DATE,NO_ZERO_DATE,ERROR_FOR_DIVISION_BY_ZERO,NO_ENGINE_SUBSTITUTION' */ ;
DELIMITER ;;
CREATE DEFINER=`root`@`%` PROCEDURE `GetCreditCard`(
	IN userId nchar(36),
    IN privatekey varchar(100)
)
begin
	SELECT c.id, c.userid as UserID, 
		CAST(aes_decrypt(c.name, privatekey) as char) as Name, 
		CAST(aes_decrypt(c.number, privatekey) as char) as Number,
		CAST(aes_decrypt(c.expirationdate, privatekey) as char) as ExpirationDate, 
		CAST(aes_decrypt(c.securitycode, privatekey) as char) as SecurityCode
	FROM creditcard c
    WHERE c.userid=userId;
end ;;
DELIMITER ;
/*!50003 SET sql_mode              = @saved_sql_mode */ ;
/*!50003 SET character_set_client  = @saved_cs_client */ ;
/*!50003 SET character_set_results = @saved_cs_results */ ;
/*!50003 SET collation_connection  = @saved_col_connection */ ;
/*!50003 DROP PROCEDURE IF EXISTS `GetUserRoles` */;
/*!50003 SET @saved_cs_client      = @@character_set_client */ ;
/*!50003 SET @saved_cs_results     = @@character_set_results */ ;
/*!50003 SET @saved_col_connection = @@collation_connection */ ;
/*!50003 SET character_set_client  = utf8mb4 */ ;
/*!50003 SET character_set_results = utf8mb4 */ ;
/*!50003 SET collation_connection  = utf8mb4_0900_ai_ci */ ;
/*!50003 SET @saved_sql_mode       = @@sql_mode */ ;
/*!50003 SET sql_mode              = 'ONLY_FULL_GROUP_BY,STRICT_TRANS_TABLES,NO_ZERO_IN_DATE,NO_ZERO_DATE,ERROR_FOR_DIVISION_BY_ZERO,NO_ENGINE_SUBSTITUTION' */ ;
DELIMITER ;;
CREATE DEFINER=`root`@`localhost` PROCEDURE `GetUserRoles`(
	IN username varchar(20)
)
begin
	select ur.rolename 
    from userroles ur 
    where ur.username=username; 
end ;;
DELIMITER ;
/*!50003 SET sql_mode              = @saved_sql_mode */ ;
/*!50003 SET character_set_client  = @saved_cs_client */ ;
/*!50003 SET character_set_results = @saved_cs_results */ ;
/*!50003 SET collation_connection  = @saved_col_connection */ ;
/*!50003 DROP PROCEDURE IF EXISTS `InsertDiscount` */;
/*!50003 SET @saved_cs_client      = @@character_set_client */ ;
/*!50003 SET @saved_cs_results     = @@character_set_results */ ;
/*!50003 SET @saved_col_connection = @@collation_connection */ ;
/*!50003 SET character_set_client  = utf8mb4 */ ;
/*!50003 SET character_set_results = utf8mb4 */ ;
/*!50003 SET collation_connection  = utf8mb4_0900_ai_ci */ ;
/*!50003 SET @saved_sql_mode       = @@sql_mode */ ;
/*!50003 SET sql_mode              = 'ONLY_FULL_GROUP_BY,STRICT_TRANS_TABLES,NO_ZERO_IN_DATE,NO_ZERO_DATE,ERROR_FOR_DIVISION_BY_ZERO,NO_ENGINE_SUBSTITUTION' */ ;
DELIMITER ;;
CREATE DEFINER=`root`@`localhost` PROCEDURE `InsertDiscount`(
  IN discountID VARCHAR(36),
  IN discountPercent INT,
  IN discountCode TEXT,
  IN startDate DATETIME,
  IN endDate DATETIME,
  IN active BIT,
  IN discountType VARCHAR(20),
  IN productID INT,
  OUT result BIT
)
BEGIN
  DECLARE discountTypeID INT;
  DECLARE percentageBasedID INT;
  declare exit handler for sqlexception
  begin
	rollback;
    set result = 0;
  end;

  IF (SELECT COUNT(1) FROM discounttypes dt WHERE dt.DiscountType = discountType) > 0 THEN
    START TRANSACTION;
    BEGIN
      SET discountTypeID= (SELECT dt.DiscountTypeID FROM DiscountTypes dt WHERE dt.DiscountType = discountType);
      SET percentageBasedID = (SELECT dt.DiscountTypeID FROM DiscountTypes dt WHERE dt.DiscountType = 'Percentage-based');

      IF (SELECT COUNT(1) FROM DiscountDetails d JOIN ProductsDiscounts pd ON d.DiscountID = pd.DiscountID
          WHERE d.DiscountType = 'Percentage-based' AND discountType = d.DiscountType AND active = 1 AND pd.ProductID = productID) > 0
          AND active = 1 THEN
        UPDATE Discounts d JOIN ProductsDiscounts pd ON d.DiscountID = pd.DiscountID
        SET d.Active = 0
        WHERE d.DiscountTypeID = percentageBasedID AND pd.ProductID = productID AND d.Active = 1;
      END IF;

      INSERT INTO Discounts (DiscountID, DiscountPercent, StartDate, EndDate, DiscountCode, Active, DiscountTypeID)
      VALUES (discountID, discountPercent, startDate, endDate, discountCode, active, discountTypeID);
      INSERT INTO ProductsDiscounts (DiscountID, ProductID) VALUES (discountID, productID);

      SET result = 1;
      COMMIT;
    END;
  ELSE
    SET result = 0;
    SELECT 'Error: the provided discountType does not exist' AS error_message;
  END IF;
END ;;
DELIMITER ;
/*!50003 SET sql_mode              = @saved_sql_mode */ ;
/*!50003 SET character_set_client  = @saved_cs_client */ ;
/*!50003 SET character_set_results = @saved_cs_results */ ;
/*!50003 SET collation_connection  = @saved_col_connection */ ;
/*!50003 DROP PROCEDURE IF EXISTS `InsertOrder` */;
/*!50003 SET @saved_cs_client      = @@character_set_client */ ;
/*!50003 SET @saved_cs_results     = @@character_set_results */ ;
/*!50003 SET @saved_col_connection = @@collation_connection */ ;
/*!50003 SET character_set_client  = utf8mb4 */ ;
/*!50003 SET character_set_results = utf8mb4 */ ;
/*!50003 SET collation_connection  = utf8mb4_0900_ai_ci */ ;
/*!50003 SET @saved_sql_mode       = @@sql_mode */ ;
/*!50003 SET sql_mode              = 'ONLY_FULL_GROUP_BY,STRICT_TRANS_TABLES,NO_ZERO_IN_DATE,NO_ZERO_DATE,ERROR_FOR_DIVISION_BY_ZERO,NO_ENGINE_SUBSTITUTION' */ ;
DELIMITER ;;
CREATE DEFINER=`root`@`localhost` PROCEDURE `InsertOrder`(
  IN orderID VARCHAR(36),
  IN orderDate DATETIME,
  IN requiredDate DATETIME,
  IN shippedDate DATETIME,
  IN freight DECIMAL(10, 2),
  IN shipName VARCHAR(40),
  IN shipAddress VARCHAR(200),
  IN shipCity VARCHAR(50),
  IN phone VARCHAR(24),
  IN status VARCHAR(10),
  IN customerID CHAR(36),
  IN employeeID CHAR(36),
  IN shipperID INT,
  OUT result BIT
)
BEGIN
  DECLARE exit_handler BOOLEAN DEFAULT FALSE;
  DECLARE CONTINUE HANDLER FOR SQLEXCEPTION SET exit_handler = TRUE;

  START TRANSACTION;
  BEGIN
    INSERT INTO Orders (
      OrderID,
      OrderDate,
      RequiredDate,
      ShippedDate,
      Freight,
      ShipName,
      ShipAddress,
      ShipCity,
      Phone,
      Status,
      CustomerID,
      EmployeeID,
      ShipVia
    ) VALUES (
      orderID,
      orderDate,
      requiredDate,
      shippedDate,
      freight,
      shipName,
      shipAddress,
      shipCity,
      phone,
      status,
      customerID,
      employeeID,
      shipperID
    );
    IF exit_handler THEN
      ROLLBACK;
      SET result = 0;
    ELSE
      COMMIT;
      SET result = 1;
    END IF;
  END;
END ;;
DELIMITER ;
/*!50003 SET sql_mode              = @saved_sql_mode */ ;
/*!50003 SET character_set_client  = @saved_cs_client */ ;
/*!50003 SET character_set_results = @saved_cs_results */ ;
/*!50003 SET collation_connection  = @saved_col_connection */ ;
/*!50003 DROP PROCEDURE IF EXISTS `InsertOrderDetail` */;
/*!50003 SET @saved_cs_client      = @@character_set_client */ ;
/*!50003 SET @saved_cs_results     = @@character_set_results */ ;
/*!50003 SET @saved_col_connection = @@collation_connection */ ;
/*!50003 SET character_set_client  = utf8mb4 */ ;
/*!50003 SET character_set_results = utf8mb4 */ ;
/*!50003 SET collation_connection  = utf8mb4_0900_ai_ci */ ;
/*!50003 SET @saved_sql_mode       = @@sql_mode */ ;
/*!50003 SET sql_mode              = 'ONLY_FULL_GROUP_BY,STRICT_TRANS_TABLES,NO_ZERO_IN_DATE,NO_ZERO_DATE,ERROR_FOR_DIVISION_BY_ZERO,NO_ENGINE_SUBSTITUTION' */ ;
DELIMITER ;;
CREATE DEFINER=`root`@`localhost` PROCEDURE `InsertOrderDetail`(
  IN productID INT,
  IN orderID VARCHAR(36),
  IN unitPrice DECIMAL(10, 2),
  IN quantity INT,
  OUT result BIT
)
BEGIN
  DECLARE exit_handler BOOLEAN DEFAULT FALSE;
  DECLARE CONTINUE HANDLER FOR SQLEXCEPTION SET exit_handler = TRUE;

  START TRANSACTION;
  BEGIN
    INSERT INTO OrderDetails (
      OrderID,
      ProductID,
      UnitPrice,
      Quantity
    ) VALUES (
      orderID,
      productID,
      unitPrice,
      quantity
    );
    IF exit_handler THEN
      ROLLBACK;
      SET result = 0;
    ELSE
      COMMIT;
      SET result = 1;
    END IF;
  END;
END ;;
DELIMITER ;
/*!50003 SET sql_mode              = @saved_sql_mode */ ;
/*!50003 SET character_set_client  = @saved_cs_client */ ;
/*!50003 SET character_set_results = @saved_cs_results */ ;
/*!50003 SET collation_connection  = @saved_col_connection */ ;
/*!50003 DROP PROCEDURE IF EXISTS `InsertOrderDetailDiscount` */;
/*!50003 SET @saved_cs_client      = @@character_set_client */ ;
/*!50003 SET @saved_cs_results     = @@character_set_results */ ;
/*!50003 SET @saved_col_connection = @@collation_connection */ ;
/*!50003 SET character_set_client  = utf8mb4 */ ;
/*!50003 SET character_set_results = utf8mb4 */ ;
/*!50003 SET collation_connection  = utf8mb4_0900_ai_ci */ ;
/*!50003 SET @saved_sql_mode       = @@sql_mode */ ;
/*!50003 SET sql_mode              = 'ONLY_FULL_GROUP_BY,STRICT_TRANS_TABLES,NO_ZERO_IN_DATE,NO_ZERO_DATE,ERROR_FOR_DIVISION_BY_ZERO,NO_ENGINE_SUBSTITUTION' */ ;
DELIMITER ;;
CREATE DEFINER=`root`@`localhost` PROCEDURE `InsertOrderDetailDiscount`(
    IN orderID VARCHAR(36),
    IN productID INT,
    IN discountID VARCHAR(36),
    IN discountPercent INT,
    IN appliedDate DATETIME,
    OUT Result BIT
)
BEGIN
    DECLARE EXIT HANDLER FOR SQLEXCEPTION
    BEGIN
        ROLLBACK;
        SET Result = 0;
        SELECT 'Some errors have occured' AS Error_Message;
    END;

    START TRANSACTION;
    INSERT INTO orderdetailsdiscounts (DiscountID, OrderID, ProductID, AppliedDate, DiscountPercent)
    VALUES (discountID, orderID, productID, appliedDate, discountPercent);
    SET Result = 1;
    COMMIT;
END ;;
DELIMITER ;
/*!50003 SET sql_mode              = @saved_sql_mode */ ;
/*!50003 SET character_set_client  = @saved_cs_client */ ;
/*!50003 SET character_set_results = @saved_cs_results */ ;
/*!50003 SET collation_connection  = @saved_col_connection */ ;
/*!50003 DROP PROCEDURE IF EXISTS `InsertProduct` */;
/*!50003 SET @saved_cs_client      = @@character_set_client */ ;
/*!50003 SET @saved_cs_results     = @@character_set_results */ ;
/*!50003 SET @saved_col_connection = @@collation_connection */ ;
/*!50003 SET character_set_client  = utf8mb4 */ ;
/*!50003 SET character_set_results = utf8mb4 */ ;
/*!50003 SET collation_connection  = utf8mb4_0900_ai_ci */ ;
/*!50003 SET @saved_sql_mode       = @@sql_mode */ ;
/*!50003 SET sql_mode              = 'ONLY_FULL_GROUP_BY,STRICT_TRANS_TABLES,NO_ZERO_IN_DATE,NO_ZERO_DATE,ERROR_FOR_DIVISION_BY_ZERO,NO_ENGINE_SUBSTITUTION' */ ;
DELIMITER ;;
CREATE DEFINER=`root`@`localhost` PROCEDURE `InsertProduct`(
  IN productName VARCHAR(40),
  IN quantityPerUnit VARCHAR(20),
  IN unitPrice DECIMAL(10, 2),
  IN unitsInStock SMALLINT,
  IN discontinued BIT,
  IN picture VARCHAR(256),
  IN description TEXT,
  IN categoryID INT,
  OUT result BIT
)
BEGIN
	declare productid int;
	DECLARE EXIT HANDLER FOR SQLEXCEPTION
  BEGIN
    ROLLBACK;
    SET result = 0;
  END;
  START TRANSACTION;
  BEGIN
    INSERT INTO products(ProductName, QuantityPerUnit, UnitPrice, UnitsInStock, Discontinued, Picture, Description, CategoryID)
    VALUES (productName, quantityPerUnit, unitPrice, unitsInStock, discontinued, picture, description, categoryID);
    
	set productid = (SELECT LAST_INSERT_ID());
    
    INSERT INTO productsize(id, height, length, weight, width, productid)
	VALUES (uuid(), 0, 0, 0, 0, productid);
    SET result = 1;
    COMMIT;
  END;
  
END ;;
DELIMITER ;
/*!50003 SET sql_mode              = @saved_sql_mode */ ;
/*!50003 SET character_set_client  = @saved_cs_client */ ;
/*!50003 SET character_set_results = @saved_cs_results */ ;
/*!50003 SET collation_connection  = @saved_col_connection */ ;
/*!50003 DROP PROCEDURE IF EXISTS `SaveFullPayment` */;
/*!50003 SET @saved_cs_client      = @@character_set_client */ ;
/*!50003 SET @saved_cs_results     = @@character_set_results */ ;
/*!50003 SET @saved_col_connection = @@collation_connection */ ;
/*!50003 SET character_set_client  = utf8mb4 */ ;
/*!50003 SET character_set_results = utf8mb4 */ ;
/*!50003 SET collation_connection  = utf8mb4_0900_ai_ci */ ;
/*!50003 SET @saved_sql_mode       = @@sql_mode */ ;
/*!50003 SET sql_mode              = 'ONLY_FULL_GROUP_BY,STRICT_TRANS_TABLES,NO_ZERO_IN_DATE,NO_ZERO_DATE,ERROR_FOR_DIVISION_BY_ZERO,NO_ENGINE_SUBSTITUTION' */ ;
DELIMITER ;;
CREATE DEFINER=`root`@`localhost` PROCEDURE `SaveFullPayment`(
	IN paymentID varchar(36),
    IN paymentDate datetime,
    IN amount decimal(10, 2),
    IN transactionID varchar(255),
    IN customerID varchar(36),
    IN orderID varchar(36),
    IN status varchar(10),
    IN paymentMethod varchar(20),
    OUT result BIT
)
BEGIN
	DECLARE exit handler FOR SQLEXCEPTION
	  BEGIN
		ROLLBACK;
		SET result = 0;
	  END;
      
	START TRANSACTION;
    begin
		INSERT INTO payments(paymentid, paymentdate, transactionid, amount, customerid, orderid, status, methodid)
        select paymentID, paymentDate, transactionID, amount, customerID, orderID, status, m.methodid
        from paymentmethods m
        where m.methodname=paymentMethod;
        
		SET result = 1;
		commit;
    end;
END ;;
DELIMITER ;
/*!50003 SET sql_mode              = @saved_sql_mode */ ;
/*!50003 SET character_set_client  = @saved_cs_client */ ;
/*!50003 SET character_set_results = @saved_cs_results */ ;
/*!50003 SET collation_connection  = @saved_col_connection */ ;
/*!50003 DROP PROCEDURE IF EXISTS `SavePayment` */;
/*!50003 SET @saved_cs_client      = @@character_set_client */ ;
/*!50003 SET @saved_cs_results     = @@character_set_results */ ;
/*!50003 SET @saved_col_connection = @@collation_connection */ ;
/*!50003 SET character_set_client  = utf8mb4 */ ;
/*!50003 SET character_set_results = utf8mb4 */ ;
/*!50003 SET collation_connection  = utf8mb4_0900_ai_ci */ ;
/*!50003 SET @saved_sql_mode       = @@sql_mode */ ;
/*!50003 SET sql_mode              = 'ONLY_FULL_GROUP_BY,STRICT_TRANS_TABLES,NO_ZERO_IN_DATE,NO_ZERO_DATE,ERROR_FOR_DIVISION_BY_ZERO,NO_ENGINE_SUBSTITUTION' */ ;
DELIMITER ;;
CREATE DEFINER=`root`@`localhost` PROCEDURE `SavePayment`(
	IN paymentID varchar(36),
    IN paymentDate datetime,
    IN amount decimal(10, 2),
    IN customerID varchar(36),
    IN orderID varchar(36),
    IN status varchar(10),
    IN paymentMethod varchar(20),
    OUT result BIT
)
BEGIN
	DECLARE exit handler FOR SQLEXCEPTION
	  BEGIN
		ROLLBACK;
		SET result = 0;
	  END;
      
	START TRANSACTION;
    begin
		INSERT INTO payments(paymentid, paymentdate, amount, customerid, orderid, status, methodid)
        select paymentID, paymentDate, amount, customerID, orderID, status, m.methodid
        from paymentmethods m
        where m.methodname=paymentMethod;
        
		SET result = 1;
		commit;
    end;
END ;;
DELIMITER ;
/*!50003 SET sql_mode              = @saved_sql_mode */ ;
/*!50003 SET character_set_client  = @saved_cs_client */ ;
/*!50003 SET character_set_results = @saved_cs_results */ ;
/*!50003 SET collation_connection  = @saved_col_connection */ ;
/*!50003 DROP PROCEDURE IF EXISTS `SaveVerificationtToken` */;
/*!50003 SET @saved_cs_client      = @@character_set_client */ ;
/*!50003 SET @saved_cs_results     = @@character_set_results */ ;
/*!50003 SET @saved_col_connection = @@collation_connection */ ;
/*!50003 SET character_set_client  = utf8mb4 */ ;
/*!50003 SET character_set_results = utf8mb4 */ ;
/*!50003 SET collation_connection  = utf8mb4_0900_ai_ci */ ;
/*!50003 SET @saved_sql_mode       = @@sql_mode */ ;
/*!50003 SET sql_mode              = 'ONLY_FULL_GROUP_BY,STRICT_TRANS_TABLES,NO_ZERO_IN_DATE,NO_ZERO_DATE,ERROR_FOR_DIVISION_BY_ZERO,NO_ENGINE_SUBSTITUTION' */ ;
DELIMITER ;;
CREATE DEFINER=`root`@`localhost` PROCEDURE `SaveVerificationtToken`(
	IN id varchar(36),
    IN token varchar(1000),
    IN username varchar(20),
    IN type varchar(20),
    IN expiryDate datetime
)
begin
	declare exit handler for sqlexception
    begin
		rollback;
	end;
    start transaction;
    begin
		insert into verificationtoken(id, token, userid, expiryDate, type)
        select id, token, u.userid, expiryDate, type
        from users u
        where u.username=username;
        commit;
    end;
end ;;
DELIMITER ;
/*!50003 SET sql_mode              = @saved_sql_mode */ ;
/*!50003 SET character_set_client  = @saved_cs_client */ ;
/*!50003 SET character_set_results = @saved_cs_results */ ;
/*!50003 SET collation_connection  = @saved_col_connection */ ;
/*!50003 DROP PROCEDURE IF EXISTS `TenMostExpensiveProducts` */;
/*!50003 SET @saved_cs_client      = @@character_set_client */ ;
/*!50003 SET @saved_cs_results     = @@character_set_results */ ;
/*!50003 SET @saved_col_connection = @@collation_connection */ ;
/*!50003 SET character_set_client  = utf8mb4 */ ;
/*!50003 SET character_set_results = utf8mb4 */ ;
/*!50003 SET collation_connection  = utf8mb4_0900_ai_ci */ ;
/*!50003 SET @saved_sql_mode       = @@sql_mode */ ;
/*!50003 SET sql_mode              = 'ONLY_FULL_GROUP_BY,STRICT_TRANS_TABLES,NO_ZERO_IN_DATE,NO_ZERO_DATE,ERROR_FOR_DIVISION_BY_ZERO,NO_ENGINE_SUBSTITUTION' */ ;
DELIMITER ;;
CREATE DEFINER=`root`@`localhost` PROCEDURE `TenMostExpensiveProducts`()
BEGIN
  SELECT p.ProductName AS TenMostExpensiveProducts, p.UnitPrice
  FROM Products p
  ORDER BY p.UnitPrice DESC
  LIMIT 10;
END ;;
DELIMITER ;
/*!50003 SET sql_mode              = @saved_sql_mode */ ;
/*!50003 SET character_set_client  = @saved_cs_client */ ;
/*!50003 SET character_set_results = @saved_cs_results */ ;
/*!50003 SET collation_connection  = @saved_col_connection */ ;
/*!50003 DROP PROCEDURE IF EXISTS `UpdateAdminCustomerInfo` */;
/*!50003 SET @saved_cs_client      = @@character_set_client */ ;
/*!50003 SET @saved_cs_results     = @@character_set_results */ ;
/*!50003 SET @saved_col_connection = @@collation_connection */ ;
/*!50003 SET character_set_client  = utf8mb4 */ ;
/*!50003 SET character_set_results = utf8mb4 */ ;
/*!50003 SET collation_connection  = utf8mb4_0900_ai_ci */ ;
/*!50003 SET @saved_sql_mode       = @@sql_mode */ ;
/*!50003 SET sql_mode              = 'ONLY_FULL_GROUP_BY,STRICT_TRANS_TABLES,NO_ZERO_IN_DATE,NO_ZERO_DATE,ERROR_FOR_DIVISION_BY_ZERO,NO_ENGINE_SUBSTITUTION' */ ;
DELIMITER ;;
CREATE DEFINER=`root`@`localhost` PROCEDURE `UpdateAdminCustomerInfo`(
	IN customerID CHAR(36), 
	IN contactName varchar(30),
    IN address VARCHAR(200), 
    IN city VARCHAR(50), 
    IN district VARCHAR(50), 
    IN ward VARCHAR(50), 
	IN phone VARCHAR(24), 
    IN picture VARCHAR(256), 
    IN enabled BIT,
    OUT result BIT
)
BEGIN
	DECLARE userID nchar(36);
    DECLARE EXIT HANDLER FOR SQLEXCEPTION
    BEGIN
        ROLLBACK;
        SET result = 0;
    END;

    START TRANSACTION;
    BEGIN    
		set userID = (select p.userid 
            from userprofile p join customers c on p.profileid=c.profileid 
            where c.customerid=customerID);

		UPDATE users u SET u.enabled=enabled 
        where u.userid=userID;
        
        UPDATE userprofile u JOIN customers c ON u.ProfileID = c.ProfileID
        SET u.Address = address, u.City = city, u.Phone = phone, u.Picture = picture, u.District=district, u.Ward=ward
        WHERE c.customerid = customerID;

        UPDATE customers c
        SET c.contactName = contactName
        WHERE c.customerid = customerID;
        SET result = 1;
        COMMIT;
    END;
END ;;
DELIMITER ;
/*!50003 SET sql_mode              = @saved_sql_mode */ ;
/*!50003 SET character_set_client  = @saved_cs_client */ ;
/*!50003 SET character_set_results = @saved_cs_results */ ;
/*!50003 SET collation_connection  = @saved_col_connection */ ;
/*!50003 DROP PROCEDURE IF EXISTS `UpdateAdminEmployeeInfo` */;
/*!50003 SET @saved_cs_client      = @@character_set_client */ ;
/*!50003 SET @saved_cs_results     = @@character_set_results */ ;
/*!50003 SET @saved_col_connection = @@collation_connection */ ;
/*!50003 SET character_set_client  = utf8mb4 */ ;
/*!50003 SET character_set_results = utf8mb4 */ ;
/*!50003 SET collation_connection  = utf8mb4_0900_ai_ci */ ;
/*!50003 SET @saved_sql_mode       = @@sql_mode */ ;
/*!50003 SET sql_mode              = 'ONLY_FULL_GROUP_BY,STRICT_TRANS_TABLES,NO_ZERO_IN_DATE,NO_ZERO_DATE,ERROR_FOR_DIVISION_BY_ZERO,NO_ENGINE_SUBSTITUTION' */ ;
DELIMITER ;;
CREATE DEFINER=`root`@`localhost` PROCEDURE `UpdateAdminEmployeeInfo`(
	IN employeeID CHAR(36), 
    IN hireDate DATE,
	IN birthDate DATE, 
    IN address VARCHAR(200), 
    IN city VARCHAR(50), 
    IN district VARCHAR(50),
    IN ward VARCHAR(50),
	IN phone VARCHAR(24), 
    IN title VARCHAR(30),
    IN picture VARCHAR(256), 
    IN notes TEXT,
    IN enabled BIT,
    OUT result BIT
)
BEGIN
	DECLARE userID nchar(36);
    DECLARE EXIT HANDLER FOR SQLEXCEPTION
    BEGIN
        ROLLBACK;
        SET result = 0;
    END;

    START TRANSACTION;
    BEGIN    
		set userID = (select p.userid 
            from userprofile p join employees e on p.profileid=e.profileid 
            where e.employeeid=employeeID);

		UPDATE users u SET u.enabled=enabled 
        where u.userid=userID;
        
        UPDATE userprofile u JOIN employees e ON u.ProfileID = e.ProfileID
        SET u.Address = address, u.City = city, u.Phone = phone, u.Picture = picture, u.District=district, u.Ward=ward
        WHERE e.EmployeeID = employeeID;

        UPDATE Employees e
        SET e.HireDate = hireDate,
            e.Title = title,
            e.Notes = notes,
            e.BirthDate = birthDate
        WHERE e.EmployeeID = employeeID;
        SET result = 1;
        COMMIT;
    END;
END ;;
DELIMITER ;
/*!50003 SET sql_mode              = @saved_sql_mode */ ;
/*!50003 SET character_set_client  = @saved_cs_client */ ;
/*!50003 SET character_set_results = @saved_cs_results */ ;
/*!50003 SET collation_connection  = @saved_col_connection */ ;
/*!50003 DROP PROCEDURE IF EXISTS `UpdateCreditCard` */;
/*!50003 SET @saved_cs_client      = @@character_set_client */ ;
/*!50003 SET @saved_cs_results     = @@character_set_results */ ;
/*!50003 SET @saved_col_connection = @@collation_connection */ ;
/*!50003 SET character_set_client  = utf8mb4 */ ;
/*!50003 SET character_set_results = utf8mb4 */ ;
/*!50003 SET collation_connection  = utf8mb4_0900_ai_ci */ ;
/*!50003 SET @saved_sql_mode       = @@sql_mode */ ;
/*!50003 SET sql_mode              = 'ONLY_FULL_GROUP_BY,STRICT_TRANS_TABLES,NO_ZERO_IN_DATE,NO_ZERO_DATE,ERROR_FOR_DIVISION_BY_ZERO,NO_ENGINE_SUBSTITUTION' */ ;
DELIMITER ;;
CREATE DEFINER=`root`@`%` PROCEDURE `UpdateCreditCard`(
	IN userId nchar(36),
    IN creditName varchar(20),
    IN creditNumber varchar(20),
    IN expirationDate varchar(5),
    IN securityCode varchar(4),
    IN privatekey varchar(100),
    OUT result BIT
)
begin
	declare creditId varchar(36);
	declare exit handler for sqlexception
    begin
		rollback;
        set result=0;
    end;
    start transaction;
    begin
		set creditId = (select c.id from creditcard c where c.userid=userId);
        UPDATE creditcard c 
        SET c.name=AES_ENCRYPT(creditName, privatekey), 
			c.number=AES_ENCRYPT(creditNumber, privatekey),
            c.expirationdate=AES_ENCRYPT(expirationDate, privatekey),
            c.securityCode=AES_ENCRYPT(securityCode, privatekey)
		WHERE c.id=creditId;

		set result = 1;
        commit;
    end;
end ;;
DELIMITER ;
/*!50003 SET sql_mode              = @saved_sql_mode */ ;
/*!50003 SET character_set_client  = @saved_cs_client */ ;
/*!50003 SET character_set_results = @saved_cs_results */ ;
/*!50003 SET collation_connection  = @saved_col_connection */ ;
/*!50003 DROP PROCEDURE IF EXISTS `UpdateCustomerInfo` */;
/*!50003 SET @saved_cs_client      = @@character_set_client */ ;
/*!50003 SET @saved_cs_results     = @@character_set_results */ ;
/*!50003 SET @saved_col_connection = @@collation_connection */ ;
/*!50003 SET character_set_client  = utf8mb4 */ ;
/*!50003 SET character_set_results = utf8mb4 */ ;
/*!50003 SET collation_connection  = utf8mb4_0900_ai_ci */ ;
/*!50003 SET @saved_sql_mode       = @@sql_mode */ ;
/*!50003 SET sql_mode              = 'ONLY_FULL_GROUP_BY,STRICT_TRANS_TABLES,NO_ZERO_IN_DATE,NO_ZERO_DATE,ERROR_FOR_DIVISION_BY_ZERO,NO_ENGINE_SUBSTITUTION' */ ;
DELIMITER ;;
CREATE DEFINER=`root`@`localhost` PROCEDURE `UpdateCustomerInfo`(IN customerID CHAR(36), 
	IN contactName VARCHAR(30), IN address VARCHAR(200), IN city VARCHAR(50),
    IN district varchar(50), IN ward varchar(50),
	IN phone VARCHAR(24), IN picture VARCHAR(256), OUT result BIT)
BEGIN
    DECLARE EXIT HANDLER FOR SQLEXCEPTION
    BEGIN
        ROLLBACK;
        SET result = 0;
    END;

    START TRANSACTION;
    BEGIN
        UPDATE UserProfile u
        JOIN Customers c ON u.ProfileID = c.ProfileID
        SET u.Address = address, u.City = city, u.Phone = phone, u.Picture = picture, u.District=district, u.Ward=ward
        WHERE c.CustomerID = customerID;

        UPDATE Customers c
        SET c.ContactName = contactName
        WHERE c.CustomerID = customerID;
        SET result = 1;
        COMMIT;
    END;
END ;;
DELIMITER ;
/*!50003 SET sql_mode              = @saved_sql_mode */ ;
/*!50003 SET character_set_client  = @saved_cs_client */ ;
/*!50003 SET character_set_results = @saved_cs_results */ ;
/*!50003 SET collation_connection  = @saved_col_connection */ ;
/*!50003 DROP PROCEDURE IF EXISTS `UpdateDiscount` */;
/*!50003 SET @saved_cs_client      = @@character_set_client */ ;
/*!50003 SET @saved_cs_results     = @@character_set_results */ ;
/*!50003 SET @saved_col_connection = @@collation_connection */ ;
/*!50003 SET character_set_client  = utf8mb4 */ ;
/*!50003 SET character_set_results = utf8mb4 */ ;
/*!50003 SET collation_connection  = utf8mb4_0900_ai_ci */ ;
/*!50003 SET @saved_sql_mode       = @@sql_mode */ ;
/*!50003 SET sql_mode              = 'ONLY_FULL_GROUP_BY,STRICT_TRANS_TABLES,NO_ZERO_IN_DATE,NO_ZERO_DATE,ERROR_FOR_DIVISION_BY_ZERO,NO_ENGINE_SUBSTITUTION' */ ;
DELIMITER ;;
CREATE DEFINER=`root`@`localhost` PROCEDURE `UpdateDiscount`(
  IN discountID VARCHAR(36),
  IN discountPercent INT,
  IN discountCode VARCHAR(255),
  IN startDate DATETIME,
  IN endDate DATETIME,
  IN active BIT,
  IN discountType VARCHAR(20),
  OUT result BIT
)
BEGIN
  DECLARE discountTypeID INT;
  DECLARE productID INT;
  DECLARE percentageBasedID INT;
  DECLARE exit handler FOR SQLEXCEPTION
  BEGIN
    ROLLBACK;
    SET result = 0;
  END;

  START TRANSACTION;
  BEGIN
    IF (SELECT COUNT(1) FROM DiscountTypes dt WHERE dt.DiscountType = discountType) > 0 THEN
       SELECT dt.DiscountTypeID INTO discountTypeID
      FROM DiscountTypes dt
      WHERE dt.DiscountType = discountType;

      SELECT pd.ProductID INTO productID
      FROM ProductsDiscounts pd
      JOIN Discounts d ON pd.DiscountID = d.DiscountID
      WHERE d.DiscountID = discountID;

      SELECT dt.DiscountTypeID INTO percentageBasedID
      FROM DiscountTypes dt
      WHERE dt.DiscountType = 'Percentage-based';

      IF ((SELECT COUNT(1)
           FROM DiscountDetails d
           JOIN ProductsDiscounts pd ON d.DiscountID = pd.DiscountID
           WHERE d.DiscountType = 'Percentage-based'
             AND discountType = d.DiscountType
             AND pd.ProductID = productID
             AND d.Active = 1) > 0
          AND active = 1) THEN
        UPDATE Discounts d
        JOIN ProductsDiscounts pd ON d.DiscountID = pd.DiscountID
        SET d.Active = 0
        WHERE d.DiscountTypeID = percentageBasedID
          AND pd.ProductID = productID
          AND d.Active = 1;
      END IF;

      UPDATE Discounts d
      SET d.DiscountPercent = discountPercent,
          d.StartDate = startDate,
          d.EndDate = endDate,
          d.DiscountCode = discountCode,
          d.Active = active,
          d.DiscountTypeID = discountTypeID
      WHERE d.DiscountID = discountID;

      SET result = 1;
    ELSE
      SET result = 0;
      SELECT 'Error: the provided discountType does not exist' AS error_message;
    END IF;
  END;
END ;;
DELIMITER ;
/*!50003 SET sql_mode              = @saved_sql_mode */ ;
/*!50003 SET character_set_client  = @saved_cs_client */ ;
/*!50003 SET character_set_results = @saved_cs_results */ ;
/*!50003 SET collation_connection  = @saved_col_connection */ ;
/*!50003 DROP PROCEDURE IF EXISTS `UpdateDiscountStatus` */;
/*!50003 SET @saved_cs_client      = @@character_set_client */ ;
/*!50003 SET @saved_cs_results     = @@character_set_results */ ;
/*!50003 SET @saved_col_connection = @@collation_connection */ ;
/*!50003 SET character_set_client  = utf8mb4 */ ;
/*!50003 SET character_set_results = utf8mb4 */ ;
/*!50003 SET collation_connection  = utf8mb4_0900_ai_ci */ ;
/*!50003 SET @saved_sql_mode       = @@sql_mode */ ;
/*!50003 SET sql_mode              = 'ONLY_FULL_GROUP_BY,STRICT_TRANS_TABLES,NO_ZERO_IN_DATE,NO_ZERO_DATE,ERROR_FOR_DIVISION_BY_ZERO,NO_ENGINE_SUBSTITUTION' */ ;
DELIMITER ;;
CREATE DEFINER=`root`@`localhost` PROCEDURE `UpdateDiscountStatus`(
  IN discountID VARCHAR(36),
  IN active BIT,
  OUT result BIT
)
BEGIN
  DECLARE discountTypeID INT;
  DECLARE percentageBasedID INT;
  DECLARE exit handler FOR SQLEXCEPTION
  BEGIN
    ROLLBACK;
    SET result = 0;
  END;

  START TRANSACTION;
  BEGIN
    SELECT d.DiscountTypeID INTO discountTypeID
    FROM Discounts d
    WHERE d.DiscountID = discountID;

    SELECT dt.DiscountTypeID INTO percentageBasedID
    FROM DiscountTypes dt
    WHERE dt.DiscountType = 'Percentage-based';

    IF (SELECT COUNT(1)
        FROM Discounts d
        JOIN DiscountTypes dt ON d.DiscountTypeID = dt.DiscountTypeID
        WHERE dt.DiscountType = 'Percentage-based'
          AND discountTypeID = dt.DiscountTypeID
          AND Active = 1) > 0 THEN
      UPDATE Discounts d
      SET d.Active = 0
      WHERE d.DiscountTypeID = percentageBasedID;
    END IF;

    UPDATE Discounts d
    SET d.Active = active
    WHERE d.DiscountID = discountID;

    SET result = 1;
    COMMIT;
  END;
END ;;
DELIMITER ;
/*!50003 SET sql_mode              = @saved_sql_mode */ ;
/*!50003 SET character_set_client  = @saved_cs_client */ ;
/*!50003 SET character_set_results = @saved_cs_results */ ;
/*!50003 SET collation_connection  = @saved_col_connection */ ;
/*!50003 DROP PROCEDURE IF EXISTS `UpdateEmailVerification` */;
/*!50003 SET @saved_cs_client      = @@character_set_client */ ;
/*!50003 SET @saved_cs_results     = @@character_set_results */ ;
/*!50003 SET @saved_col_connection = @@collation_connection */ ;
/*!50003 SET character_set_client  = utf8mb4 */ ;
/*!50003 SET character_set_results = utf8mb4 */ ;
/*!50003 SET collation_connection  = utf8mb4_0900_ai_ci */ ;
/*!50003 SET @saved_sql_mode       = @@sql_mode */ ;
/*!50003 SET sql_mode              = 'ONLY_FULL_GROUP_BY,STRICT_TRANS_TABLES,NO_ZERO_IN_DATE,NO_ZERO_DATE,ERROR_FOR_DIVISION_BY_ZERO,NO_ENGINE_SUBSTITUTION' */ ;
DELIMITER ;;
CREATE DEFINER=`root`@`localhost` PROCEDURE `UpdateEmailVerification`(
	IN username varchar(20),
    IN status BIT,
    out result BIT
)
BEGIN
	DECLARE EXIT HANDLER FOR SQLEXCEPTION
    BEGIN
		rollback;
        SET result = 0;
    END;
    START TRANSACTION;
    BEGIN
		UPDATE users u join (select us.userid from users us where us.username=username) sub on u.userid=sub.userid
		set u.emailverified = status;
        
		SET result =1;
        COMMIT;
    END;
END ;;
DELIMITER ;
/*!50003 SET sql_mode              = @saved_sql_mode */ ;
/*!50003 SET character_set_client  = @saved_cs_client */ ;
/*!50003 SET character_set_results = @saved_cs_results */ ;
/*!50003 SET collation_connection  = @saved_col_connection */ ;
/*!50003 DROP PROCEDURE IF EXISTS `UpdateEmployeeInfo` */;
/*!50003 SET @saved_cs_client      = @@character_set_client */ ;
/*!50003 SET @saved_cs_results     = @@character_set_results */ ;
/*!50003 SET @saved_col_connection = @@collation_connection */ ;
/*!50003 SET character_set_client  = utf8mb4 */ ;
/*!50003 SET character_set_results = utf8mb4 */ ;
/*!50003 SET collation_connection  = utf8mb4_0900_ai_ci */ ;
/*!50003 SET @saved_sql_mode       = @@sql_mode */ ;
/*!50003 SET sql_mode              = 'ONLY_FULL_GROUP_BY,STRICT_TRANS_TABLES,NO_ZERO_IN_DATE,NO_ZERO_DATE,ERROR_FOR_DIVISION_BY_ZERO,NO_ENGINE_SUBSTITUTION' */ ;
DELIMITER ;;
CREATE DEFINER=`root`@`localhost` PROCEDURE `UpdateEmployeeInfo`(IN employeeID CHAR(36), 
	IN birthDate DATE, IN address VARCHAR(200), IN city VARCHAR(50), IN district varchar(50),
	IN ward varchar(50), IN phone VARCHAR(24), IN picture VARCHAR(256), OUT result BIT)
BEGIN
    DECLARE EXIT HANDLER FOR SQLEXCEPTION
    BEGIN
        ROLLBACK;
        SET result = 0;
    END;

    START TRANSACTION;
    BEGIN
        UPDATE UserProfile u
        JOIN Employees e ON u.ProfileID = e.ProfileID
        SET u.Address = address, u.City = city, u.Phone = phone, u.Picture = picture, u.District=district, u.Ward=ward
        WHERE e.EmployeeID = employeeID;

        UPDATE Employees e
        SET e.BirthDate = birthDate
        WHERE e.EmployeeID = employeeID;
        SET result = 1;
        COMMIT;
    END;
END ;;
DELIMITER ;
/*!50003 SET sql_mode              = @saved_sql_mode */ ;
/*!50003 SET character_set_client  = @saved_cs_client */ ;
/*!50003 SET character_set_results = @saved_cs_results */ ;
/*!50003 SET collation_connection  = @saved_col_connection */ ;
/*!50003 DROP PROCEDURE IF EXISTS `UpdateNotificationReadStatusByNotificationID` */;
/*!50003 SET @saved_cs_client      = @@character_set_client */ ;
/*!50003 SET @saved_cs_results     = @@character_set_results */ ;
/*!50003 SET @saved_col_connection = @@collation_connection */ ;
/*!50003 SET character_set_client  = utf8mb4 */ ;
/*!50003 SET character_set_results = utf8mb4 */ ;
/*!50003 SET collation_connection  = utf8mb4_0900_ai_ci */ ;
/*!50003 SET @saved_sql_mode       = @@sql_mode */ ;
/*!50003 SET sql_mode              = 'ONLY_FULL_GROUP_BY,STRICT_TRANS_TABLES,NO_ZERO_IN_DATE,NO_ZERO_DATE,ERROR_FOR_DIVISION_BY_ZERO,NO_ENGINE_SUBSTITUTION' */ ;
DELIMITER ;;
CREATE DEFINER=`root`@`localhost` PROCEDURE `UpdateNotificationReadStatusByNotificationID`(
  IN notificationID CHAR(36),
  IN isRead TINYINT(1),
  OUT result TINYINT(1)
)
BEGIN
	declare exit handler for sqlexception
    begin
		rollback;
		set result=0;
    end;

  START TRANSACTION;
  BEGIN
    IF NOT EXISTS (SELECT * FROM NotificationUser nu, Notifications n WHERE n.NotificationID = notificationID AND n.ReceiverID = nu.UserID) THEN
      INSERT INTO NotificationUser (NotificationID, UserID, IsRead)
      SELECT n.NotificationID, n.ReceiverID, n.isRead
      FROM Notifications n
      WHERE n.NotificationID = notificationID;
    END IF;

    UPDATE NotificationUser nu
    SET nu.IsRead = isRead
    WHERE nu.NotificationID = notificationID;

    SET result = 1;
    COMMIT;
  END;
END ;;
DELIMITER ;
/*!50003 SET sql_mode              = @saved_sql_mode */ ;
/*!50003 SET character_set_client  = @saved_cs_client */ ;
/*!50003 SET character_set_results = @saved_cs_results */ ;
/*!50003 SET collation_connection  = @saved_col_connection */ ;
/*!50003 DROP PROCEDURE IF EXISTS `UpdateNotificationReadStatusByNotificationIDAndUserID` */;
/*!50003 SET @saved_cs_client      = @@character_set_client */ ;
/*!50003 SET @saved_cs_results     = @@character_set_results */ ;
/*!50003 SET @saved_col_connection = @@collation_connection */ ;
/*!50003 SET character_set_client  = utf8mb4 */ ;
/*!50003 SET character_set_results = utf8mb4 */ ;
/*!50003 SET collation_connection  = utf8mb4_0900_ai_ci */ ;
/*!50003 SET @saved_sql_mode       = @@sql_mode */ ;
/*!50003 SET sql_mode              = 'ONLY_FULL_GROUP_BY,STRICT_TRANS_TABLES,NO_ZERO_IN_DATE,NO_ZERO_DATE,ERROR_FOR_DIVISION_BY_ZERO,NO_ENGINE_SUBSTITUTION' */ ;
DELIMITER ;;
CREATE DEFINER=`root`@`localhost` PROCEDURE `UpdateNotificationReadStatusByNotificationIDAndUserID`(
  IN notificationID CHAR(36),
  IN userID CHAR(36),
  IN isRead TINYINT(1),
  OUT result TINYINT(1)
)
BEGIN
	declare exit handler for sqlexception
    begin
		rollback;
        set result=0;
	end;
  START TRANSACTION;
  BEGIN
    IF EXISTS (SELECT * FROM NotificationUser nu WHERE nu.NotificationID = notificationID AND nu.UserID = userID) THEN
      UPDATE NotificationUser nu
      SET nu.IsRead = isRead
      WHERE nu.NotificationID = notificationID AND nu.UserID = userID;
    ELSE
      INSERT INTO NotificationUser (NotificationID, UserID, IsRead)
      VALUES (notificationID, userID, isRead);
    END IF;

    SET result = 1;
    COMMIT;
  END;
END ;;
DELIMITER ;
/*!50003 SET sql_mode              = @saved_sql_mode */ ;
/*!50003 SET character_set_client  = @saved_cs_client */ ;
/*!50003 SET character_set_results = @saved_cs_results */ ;
/*!50003 SET collation_connection  = @saved_col_connection */ ;
/*!50003 DROP PROCEDURE IF EXISTS `UpdateNotificationReadStatusByUserID` */;
/*!50003 SET @saved_cs_client      = @@character_set_client */ ;
/*!50003 SET @saved_cs_results     = @@character_set_results */ ;
/*!50003 SET @saved_col_connection = @@collation_connection */ ;
/*!50003 SET character_set_client  = utf8mb4 */ ;
/*!50003 SET character_set_results = utf8mb4 */ ;
/*!50003 SET collation_connection  = utf8mb4_0900_ai_ci */ ;
/*!50003 SET @saved_sql_mode       = @@sql_mode */ ;
/*!50003 SET sql_mode              = 'ONLY_FULL_GROUP_BY,STRICT_TRANS_TABLES,NO_ZERO_IN_DATE,NO_ZERO_DATE,ERROR_FOR_DIVISION_BY_ZERO,NO_ENGINE_SUBSTITUTION' */ ;
DELIMITER ;;
CREATE DEFINER=`root`@`localhost` PROCEDURE `UpdateNotificationReadStatusByUserID`(
	in userID nchar(36), 
    in isRead bit, 
    out result bit)
begin
	declare exit handler for sqlexception
    begin
		rollback;
		set result=0;
	end;
	start transaction;
	begin 
		update NotificationUser nu set nu.IsRead=isRead where nu.UserID=userID;
		set result=1;
		commit;
	end;
end ;;
DELIMITER ;
/*!50003 SET sql_mode              = @saved_sql_mode */ ;
/*!50003 SET character_set_client  = @saved_cs_client */ ;
/*!50003 SET character_set_results = @saved_cs_results */ ;
/*!50003 SET collation_connection  = @saved_col_connection */ ;
/*!50003 DROP PROCEDURE IF EXISTS `UpdateNotificationsReadByNotificationID` */;
/*!50003 SET @saved_cs_client      = @@character_set_client */ ;
/*!50003 SET @saved_cs_results     = @@character_set_results */ ;
/*!50003 SET @saved_col_connection = @@collation_connection */ ;
/*!50003 SET character_set_client  = utf8mb4 */ ;
/*!50003 SET character_set_results = utf8mb4 */ ;
/*!50003 SET collation_connection  = utf8mb4_0900_ai_ci */ ;
/*!50003 SET @saved_sql_mode       = @@sql_mode */ ;
/*!50003 SET sql_mode              = 'ONLY_FULL_GROUP_BY,STRICT_TRANS_TABLES,NO_ZERO_IN_DATE,NO_ZERO_DATE,ERROR_FOR_DIVISION_BY_ZERO,NO_ENGINE_SUBSTITUTION' */ ;
DELIMITER ;;
CREATE DEFINER=`root`@`localhost` PROCEDURE `UpdateNotificationsReadByNotificationID`(IN notificationIDs VARCHAR(255), IN isRead BIT, OUT result BIT)
BEGIN
   DECLARE tokens INT DEFAULT 0;
	DECLARE token VARCHAR(100) DEFAULT '';
    declare exit handler for sqlexception
    begin 
		rollback;
        set result=0;
	end;

	DROP TEMPORARY TABLE IF EXISTS ListIds;
	CREATE TEMPORARY TABLE ListIds (NotificationID CHAR(36));

	WHILE LOCATE(',', notificationIDs) > 0 DO
		SET token = SUBSTRING_INDEX(notificationIDs, ',', 1);
		SET notificationIDs = SUBSTRING(notificationIDs, LENGTH(token) + 2);
		SET token = TRIM(BOTH ',' FROM token);
		INSERT INTO ListIds VALUES (token);
		SET tokens = tokens + 1;
	END WHILE;

	-- Insert the last token (if any)
	IF notificationIDs <> '' THEN
		INSERT INTO ListIds VALUES (notificationIDs);
		SET tokens = tokens + 1;
	END IF;

    UPDATE NotificationUser nu
    JOIN ListIds li ON nu.NotificationID = li.NotificationID
    SET nu.IsRead = isRead;

    SET result = 1;
END ;;
DELIMITER ;
/*!50003 SET sql_mode              = @saved_sql_mode */ ;
/*!50003 SET character_set_client  = @saved_cs_client */ ;
/*!50003 SET character_set_results = @saved_cs_results */ ;
/*!50003 SET collation_connection  = @saved_col_connection */ ;
/*!50003 DROP PROCEDURE IF EXISTS `UpdateOrderEmployeeID` */;
/*!50003 SET @saved_cs_client      = @@character_set_client */ ;
/*!50003 SET @saved_cs_results     = @@character_set_results */ ;
/*!50003 SET @saved_col_connection = @@collation_connection */ ;
/*!50003 SET character_set_client  = utf8mb4 */ ;
/*!50003 SET character_set_results = utf8mb4 */ ;
/*!50003 SET collation_connection  = utf8mb4_0900_ai_ci */ ;
/*!50003 SET @saved_sql_mode       = @@sql_mode */ ;
/*!50003 SET sql_mode              = 'ONLY_FULL_GROUP_BY,STRICT_TRANS_TABLES,NO_ZERO_IN_DATE,NO_ZERO_DATE,ERROR_FOR_DIVISION_BY_ZERO,NO_ENGINE_SUBSTITUTION' */ ;
DELIMITER ;;
CREATE DEFINER=`root`@`localhost` PROCEDURE `UpdateOrderEmployeeID`(
	IN orderID varchar(36),
    IN employeeID varchar(36),
	OUT result BIT
)
begin
	declare exit handler for sqlexception
    begin
		rollback;
		set result=0;
    end;
    start transaction;
    begin
		UPDATE orders o SET o.employeeID=employeeID WHERE o.orderID=orderID;
		set result=1;
        commit;
    end;
    
end ;;
DELIMITER ;
/*!50003 SET sql_mode              = @saved_sql_mode */ ;
/*!50003 SET character_set_client  = @saved_cs_client */ ;
/*!50003 SET character_set_results = @saved_cs_results */ ;
/*!50003 SET collation_connection  = @saved_col_connection */ ;
/*!50003 DROP PROCEDURE IF EXISTS `UpdateOrderStatus` */;
/*!50003 SET @saved_cs_client      = @@character_set_client */ ;
/*!50003 SET @saved_cs_results     = @@character_set_results */ ;
/*!50003 SET @saved_col_connection = @@collation_connection */ ;
/*!50003 SET character_set_client  = utf8mb4 */ ;
/*!50003 SET character_set_results = utf8mb4 */ ;
/*!50003 SET collation_connection  = utf8mb4_0900_ai_ci */ ;
/*!50003 SET @saved_sql_mode       = @@sql_mode */ ;
/*!50003 SET sql_mode              = 'ONLY_FULL_GROUP_BY,STRICT_TRANS_TABLES,NO_ZERO_IN_DATE,NO_ZERO_DATE,ERROR_FOR_DIVISION_BY_ZERO,NO_ENGINE_SUBSTITUTION' */ ;
DELIMITER ;;
CREATE DEFINER=`root`@`localhost` PROCEDURE `UpdateOrderStatus`(
	IN orderID varchar(36),
    IN status varchar(10),
	OUT result BIT
)
begin
	declare exit handler for sqlexception
    begin
		rollback;
		set result=0;
    end;
    start transaction;
    begin
		UPDATE orders o SET o.status=status WHERE o.orderID=orderID;
		set result=1;
        commit;
    end;
    
end ;;
DELIMITER ;
/*!50003 SET sql_mode              = @saved_sql_mode */ ;
/*!50003 SET character_set_client  = @saved_cs_client */ ;
/*!50003 SET character_set_results = @saved_cs_results */ ;
/*!50003 SET collation_connection  = @saved_col_connection */ ;
/*!50003 DROP PROCEDURE IF EXISTS `UpdatePayment` */;
/*!50003 SET @saved_cs_client      = @@character_set_client */ ;
/*!50003 SET @saved_cs_results     = @@character_set_results */ ;
/*!50003 SET @saved_col_connection = @@collation_connection */ ;
/*!50003 SET character_set_client  = utf8mb4 */ ;
/*!50003 SET character_set_results = utf8mb4 */ ;
/*!50003 SET collation_connection  = utf8mb4_0900_ai_ci */ ;
/*!50003 SET @saved_sql_mode       = @@sql_mode */ ;
/*!50003 SET sql_mode              = 'ONLY_FULL_GROUP_BY,STRICT_TRANS_TABLES,NO_ZERO_IN_DATE,NO_ZERO_DATE,ERROR_FOR_DIVISION_BY_ZERO,NO_ENGINE_SUBSTITUTION' */ ;
DELIMITER ;;
CREATE DEFINER=`root`@`localhost` PROCEDURE `UpdatePayment`(
	IN paymentID varchar(36),
    IN transactionID varchar(255),
    IN status varchar(10),
    OUT result bit
)
begin
	declare exit handler for sqlexception
    begin
		rollback;
        set result = 0;
    end;
    start transaction;
    begin
		Update payments m set m.transactionid=transactionID, m.status=status
        where m.paymentid=paymentID;
        set result = 1;
        commit;
    end;
end ;;
DELIMITER ;
/*!50003 SET sql_mode              = @saved_sql_mode */ ;
/*!50003 SET character_set_client  = @saved_cs_client */ ;
/*!50003 SET character_set_results = @saved_cs_results */ ;
/*!50003 SET collation_connection  = @saved_col_connection */ ;
/*!50003 DROP PROCEDURE IF EXISTS `UpdatePaymentStatus` */;
/*!50003 SET @saved_cs_client      = @@character_set_client */ ;
/*!50003 SET @saved_cs_results     = @@character_set_results */ ;
/*!50003 SET @saved_col_connection = @@collation_connection */ ;
/*!50003 SET character_set_client  = utf8mb4 */ ;
/*!50003 SET character_set_results = utf8mb4 */ ;
/*!50003 SET collation_connection  = utf8mb4_0900_ai_ci */ ;
/*!50003 SET @saved_sql_mode       = @@sql_mode */ ;
/*!50003 SET sql_mode              = 'ONLY_FULL_GROUP_BY,STRICT_TRANS_TABLES,NO_ZERO_IN_DATE,NO_ZERO_DATE,ERROR_FOR_DIVISION_BY_ZERO,NO_ENGINE_SUBSTITUTION' */ ;
DELIMITER ;;
CREATE DEFINER=`root`@`localhost` PROCEDURE `UpdatePaymentStatus`(
	IN paymentID varchar(36),
    IN status varchar(10),
    OUT result bit
)
begin
	declare exit handler for sqlexception 
    begin
		rollback;
        set result = 0;
    end;
    start transaction;
    begin
		Update payments p set p.status = status
        where p.paymentid=paymentID;
        set result = 1;
        commit;
    end;
end ;;
DELIMITER ;
/*!50003 SET sql_mode              = @saved_sql_mode */ ;
/*!50003 SET character_set_client  = @saved_cs_client */ ;
/*!50003 SET character_set_results = @saved_cs_results */ ;
/*!50003 SET collation_connection  = @saved_col_connection */ ;
/*!50003 DROP PROCEDURE IF EXISTS `UpdatePaymentStatusByOrderID` */;
/*!50003 SET @saved_cs_client      = @@character_set_client */ ;
/*!50003 SET @saved_cs_results     = @@character_set_results */ ;
/*!50003 SET @saved_col_connection = @@collation_connection */ ;
/*!50003 SET character_set_client  = utf8mb4 */ ;
/*!50003 SET character_set_results = utf8mb4 */ ;
/*!50003 SET collation_connection  = utf8mb4_0900_ai_ci */ ;
/*!50003 SET @saved_sql_mode       = @@sql_mode */ ;
/*!50003 SET sql_mode              = 'ONLY_FULL_GROUP_BY,STRICT_TRANS_TABLES,NO_ZERO_IN_DATE,NO_ZERO_DATE,ERROR_FOR_DIVISION_BY_ZERO,NO_ENGINE_SUBSTITUTION' */ ;
DELIMITER ;;
CREATE DEFINER=`root`@`localhost` PROCEDURE `UpdatePaymentStatusByOrderID`(
	IN orderID varchar(36),
    IN status varchar(10),
    OUT result BIT
)
begin
	declare exit handler for sqlexception
    begin
		rollback;
        set result = 0;
	end;
    start transaction;
    begin
		update Payment p set p.status=status where p.orderid=orderID;
		set result = 1;
		commit;
    end;
end ;;
DELIMITER ;
/*!50003 SET sql_mode              = @saved_sql_mode */ ;
/*!50003 SET character_set_client  = @saved_cs_client */ ;
/*!50003 SET character_set_results = @saved_cs_results */ ;
/*!50003 SET collation_connection  = @saved_col_connection */ ;
/*!50003 DROP PROCEDURE IF EXISTS `UpdatePhoneVerification` */;
/*!50003 SET @saved_cs_client      = @@character_set_client */ ;
/*!50003 SET @saved_cs_results     = @@character_set_results */ ;
/*!50003 SET @saved_col_connection = @@collation_connection */ ;
/*!50003 SET character_set_client  = utf8mb4 */ ;
/*!50003 SET character_set_results = utf8mb4 */ ;
/*!50003 SET collation_connection  = utf8mb4_0900_ai_ci */ ;
/*!50003 SET @saved_sql_mode       = @@sql_mode */ ;
/*!50003 SET sql_mode              = 'ONLY_FULL_GROUP_BY,STRICT_TRANS_TABLES,NO_ZERO_IN_DATE,NO_ZERO_DATE,ERROR_FOR_DIVISION_BY_ZERO,NO_ENGINE_SUBSTITUTION' */ ;
DELIMITER ;;
CREATE DEFINER=`root`@`localhost` PROCEDURE `UpdatePhoneVerification`(
	IN profileID varchar(36),
    IN phoneVerification bit,
    OUT result bit
)
begin
	declare exit handler for sqlexception
    begin 
		rollback;
        set result = 0;
	end;
    start transaction;
    begin
		Update userverification uv set uv.phoneverification=phoneVerification
        where uv.profileid=profileID;
        set result=1;
        commit;
    end;
end ;;
DELIMITER ;
/*!50003 SET sql_mode              = @saved_sql_mode */ ;
/*!50003 SET character_set_client  = @saved_cs_client */ ;
/*!50003 SET character_set_results = @saved_cs_results */ ;
/*!50003 SET collation_connection  = @saved_col_connection */ ;
/*!50003 DROP PROCEDURE IF EXISTS `UpdateProduct` */;
/*!50003 SET @saved_cs_client      = @@character_set_client */ ;
/*!50003 SET @saved_cs_results     = @@character_set_results */ ;
/*!50003 SET @saved_col_connection = @@collation_connection */ ;
/*!50003 SET character_set_client  = utf8mb4 */ ;
/*!50003 SET character_set_results = utf8mb4 */ ;
/*!50003 SET collation_connection  = utf8mb4_0900_ai_ci */ ;
/*!50003 SET @saved_sql_mode       = @@sql_mode */ ;
/*!50003 SET sql_mode              = 'ONLY_FULL_GROUP_BY,STRICT_TRANS_TABLES,NO_ZERO_IN_DATE,NO_ZERO_DATE,ERROR_FOR_DIVISION_BY_ZERO,NO_ENGINE_SUBSTITUTION' */ ;
DELIMITER ;;
CREATE DEFINER=`root`@`localhost` PROCEDURE `UpdateProduct`(
  IN productID INT,
  IN productName VARCHAR(40),
  IN quantityPerUnit VARCHAR(20),
  IN unitPrice DECIMAL(10, 2),
  IN unitsInStock SMALLINT,
  IN discontinued BIT,
  IN picture VARCHAR(256),
  IN description TEXT,
  IN categoryID INT,
  OUT result BIT
)
BEGIN
  DECLARE exit handler FOR SQLEXCEPTION
  BEGIN
    ROLLBACK;
    SET result = 0;
  END;

  START TRANSACTION;
  BEGIN
    UPDATE Products p
    SET p.ProductName = productName, p.QuantityPerUnit = quantityPerUnit,
        p.UnitPrice = unitPrice, p.UnitsInStock = unitsInStock,
        p.Discontinued = discontinued, p.picture = picture,
        p.Description = description, p.CategoryID = categoryID
    WHERE p.ProductID = productID;

    SET result = 1;
    COMMIT;
  END;
END ;;
DELIMITER ;
/*!50003 SET sql_mode              = @saved_sql_mode */ ;
/*!50003 SET character_set_client  = @saved_cs_client */ ;
/*!50003 SET character_set_results = @saved_cs_results */ ;
/*!50003 SET collation_connection  = @saved_col_connection */ ;
/*!50003 DROP PROCEDURE IF EXISTS `UpdateProductSize` */;
/*!50003 SET @saved_cs_client      = @@character_set_client */ ;
/*!50003 SET @saved_cs_results     = @@character_set_results */ ;
/*!50003 SET @saved_col_connection = @@collation_connection */ ;
/*!50003 SET character_set_client  = utf8mb4 */ ;
/*!50003 SET character_set_results = utf8mb4 */ ;
/*!50003 SET collation_connection  = utf8mb4_0900_ai_ci */ ;
/*!50003 SET @saved_sql_mode       = @@sql_mode */ ;
/*!50003 SET sql_mode              = 'ONLY_FULL_GROUP_BY,STRICT_TRANS_TABLES,NO_ZERO_IN_DATE,NO_ZERO_DATE,ERROR_FOR_DIVISION_BY_ZERO,NO_ENGINE_SUBSTITUTION' */ ;
DELIMITER ;;
CREATE DEFINER=`root`@`%` PROCEDURE `UpdateProductSize`(
	IN productID int,
    IN height int,
    IN width int,
    IN length int,
    IN weight int,
    OUT result BIT
)
begin
	declare sizeid varchar(36);
	declare exit handler for sqlexception
    begin
		rollback;
        set result = 0;
	end;
    start transaction;
    begin
		set sizeid = (select s.id from productsize s where s.productid=productID);
        UPDATE productsize s 
        SET s.height=height, s.width=width, s.length=length, s.weight=weight
        where s.id=sizeid;
        set result =1;
        commit;
    end;
end ;;
DELIMITER ;
/*!50003 SET sql_mode              = @saved_sql_mode */ ;
/*!50003 SET character_set_client  = @saved_cs_client */ ;
/*!50003 SET character_set_results = @saved_cs_results */ ;
/*!50003 SET collation_connection  = @saved_col_connection */ ;
/*!50003 DROP PROCEDURE IF EXISTS `UpdateProductsUnitsInStock` */;
/*!50003 SET @saved_cs_client      = @@character_set_client */ ;
/*!50003 SET @saved_cs_results     = @@character_set_results */ ;
/*!50003 SET @saved_col_connection = @@collation_connection */ ;
/*!50003 SET character_set_client  = utf8mb4 */ ;
/*!50003 SET character_set_results = utf8mb4 */ ;
/*!50003 SET collation_connection  = utf8mb4_0900_ai_ci */ ;
/*!50003 SET @saved_sql_mode       = @@sql_mode */ ;
/*!50003 SET sql_mode              = 'ONLY_FULL_GROUP_BY,STRICT_TRANS_TABLES,NO_ZERO_IN_DATE,NO_ZERO_DATE,ERROR_FOR_DIVISION_BY_ZERO,NO_ENGINE_SUBSTITUTION' */ ;
DELIMITER ;;
CREATE DEFINER=`root`@`localhost` PROCEDURE `UpdateProductsUnitsInStock`(
  IN productIDs TEXT,
  IN unitsInStocks TEXT,
  OUT result BIT
)
BEGIN
  DECLARE exit handler FOR SQLEXCEPTION
  BEGIN
    ROLLBACK;
    SET result = 0;
  END;

  START TRANSACTION;
  BEGIN
    DROP TEMPORARY TABLE IF EXISTS listProductIDs;
    CREATE TEMPORARY TABLE listProductIDs (IndexId INT AUTO_INCREMENT, ProductID INT, PRIMARY KEY (IndexId));
    INSERT INTO listProductIDs (ProductID) SELECT DISTINCT SUBSTRING_INDEX(SUBSTRING_INDEX(productIDs, ',', n), ',', -1) AS ProductID
    FROM (SELECT @curRow := @curRow + 1 AS n FROM (SELECT 1) r, (SELECT @curRow := 0) AS init WHERE @curRow < LENGTH(productIDs) - LENGTH(REPLACE(productIDs, ',', '')) + 1) AS numbers;

    DROP TEMPORARY TABLE IF EXISTS listUnitsInstocks;
    CREATE TEMPORARY TABLE listUnitsInstocks (IndexId INT AUTO_INCREMENT, UnitsInStocks INT, PRIMARY KEY (IndexId));
    INSERT INTO listUnitsInstocks (UnitsInStocks) SELECT DISTINCT SUBSTRING_INDEX(SUBSTRING_INDEX(unitsInStocks, ',', n), ',', -1) AS UnitsInStocks
    FROM (SELECT @curRow := @curRow + 1 AS n FROM (SELECT 1) r, (SELECT @curRow := 0) AS init WHERE @curRow < LENGTH(unitsInStocks) - LENGTH(REPLACE(unitsInStocks, ',', '')) + 1) AS numbers;

    UPDATE Products p
    JOIN listProductIDs lp ON p.ProductID = lp.ProductID
    JOIN listUnitsInstocks lu ON lp.IndexId = lu.IndexId
    SET p.UnitsInStock = lu.UnitsInStocks;

    SET result = 1;
    COMMIT;
  END;
END ;;
DELIMITER ;
/*!50003 SET sql_mode              = @saved_sql_mode */ ;
/*!50003 SET character_set_client  = @saved_cs_client */ ;
/*!50003 SET character_set_results = @saved_cs_results */ ;
/*!50003 SET collation_connection  = @saved_col_connection */ ;
/*!50003 DROP PROCEDURE IF EXISTS `UpdateProductUnitsInStock` */;
/*!50003 SET @saved_cs_client      = @@character_set_client */ ;
/*!50003 SET @saved_cs_results     = @@character_set_results */ ;
/*!50003 SET @saved_col_connection = @@collation_connection */ ;
/*!50003 SET character_set_client  = utf8mb4 */ ;
/*!50003 SET character_set_results = utf8mb4 */ ;
/*!50003 SET collation_connection  = utf8mb4_0900_ai_ci */ ;
/*!50003 SET @saved_sql_mode       = @@sql_mode */ ;
/*!50003 SET sql_mode              = 'ONLY_FULL_GROUP_BY,STRICT_TRANS_TABLES,NO_ZERO_IN_DATE,NO_ZERO_DATE,ERROR_FOR_DIVISION_BY_ZERO,NO_ENGINE_SUBSTITUTION' */ ;
DELIMITER ;;
CREATE DEFINER=`root`@`localhost` PROCEDURE `UpdateProductUnitsInStock`(
  IN productID INT,
  IN unitsInStock INT,
  OUT result BIT
)
BEGIN
  DECLARE exit handler FOR SQLEXCEPTION
  BEGIN
    ROLLBACK;
    SET result = 0;
  END;

  START TRANSACTION;
  BEGIN
    UPDATE Products p
    SET p.UnitsInStock = unitsInStock
    WHERE p.ProductID = productID;

    SET result = 1;
    COMMIT;
  END;
END ;;
DELIMITER ;
/*!50003 SET sql_mode              = @saved_sql_mode */ ;
/*!50003 SET character_set_client  = @saved_cs_client */ ;
/*!50003 SET character_set_results = @saved_cs_results */ ;
/*!50003 SET collation_connection  = @saved_col_connection */ ;
/*!50003 DROP PROCEDURE IF EXISTS `UpdateProfileVerification` */;
/*!50003 SET @saved_cs_client      = @@character_set_client */ ;
/*!50003 SET @saved_cs_results     = @@character_set_results */ ;
/*!50003 SET @saved_col_connection = @@collation_connection */ ;
/*!50003 SET character_set_client  = utf8mb4 */ ;
/*!50003 SET character_set_results = utf8mb4 */ ;
/*!50003 SET collation_connection  = utf8mb4_0900_ai_ci */ ;
/*!50003 SET @saved_sql_mode       = @@sql_mode */ ;
/*!50003 SET sql_mode              = 'ONLY_FULL_GROUP_BY,STRICT_TRANS_TABLES,NO_ZERO_IN_DATE,NO_ZERO_DATE,ERROR_FOR_DIVISION_BY_ZERO,NO_ENGINE_SUBSTITUTION' */ ;
DELIMITER ;;
CREATE DEFINER=`root`@`localhost` PROCEDURE `UpdateProfileVerification`(
	IN profileID varchar(36),
    IN profileVerification bit,
    OUT result bit
)
begin
	declare exit handler for sqlexception
    begin 
		rollback;
        set result = 0;
	end;
    start transaction;
    begin
		Update userverification uv set uv.profileverification=profileVerification
        where uv.profileid=profileID;
        set result=1;
        commit;
    end;
end ;;
DELIMITER ;
/*!50003 SET sql_mode              = @saved_sql_mode */ ;
/*!50003 SET character_set_client  = @saved_cs_client */ ;
/*!50003 SET character_set_results = @saved_cs_results */ ;
/*!50003 SET collation_connection  = @saved_col_connection */ ;
/*!50003 DROP PROCEDURE IF EXISTS `UpdateUserPassword` */;
/*!50003 SET @saved_cs_client      = @@character_set_client */ ;
/*!50003 SET @saved_cs_results     = @@character_set_results */ ;
/*!50003 SET @saved_col_connection = @@collation_connection */ ;
/*!50003 SET character_set_client  = utf8mb4 */ ;
/*!50003 SET character_set_results = utf8mb4 */ ;
/*!50003 SET collation_connection  = utf8mb4_0900_ai_ci */ ;
/*!50003 SET @saved_sql_mode       = @@sql_mode */ ;
/*!50003 SET sql_mode              = 'ONLY_FULL_GROUP_BY,STRICT_TRANS_TABLES,NO_ZERO_IN_DATE,NO_ZERO_DATE,ERROR_FOR_DIVISION_BY_ZERO,NO_ENGINE_SUBSTITUTION' */ ;
DELIMITER ;;
CREATE DEFINER=`root`@`localhost` PROCEDURE `UpdateUserPassword`(IN userID VARCHAR(36), IN password VARCHAR(255), OUT result BIT)
BEGIN
	DECLARE EXIT HANDLER FOR SQLEXCEPTION
    BEGIN
        ROLLBACK;
        SET result = 0;
    END;
    START TRANSACTION;
    BEGIN
        UPDATE users u SET u.password = password WHERE u.userID = userID;
        SET result = 1;
        COMMIT;
    END;
END ;;
DELIMITER ;
/*!50003 SET sql_mode              = @saved_sql_mode */ ;
/*!50003 SET character_set_client  = @saved_cs_client */ ;
/*!50003 SET character_set_results = @saved_cs_results */ ;
/*!50003 SET collation_connection  = @saved_col_connection */ ;

--
-- Final view structure for view `current product list`
--

/*!50001 DROP VIEW IF EXISTS `current product list`*/;
/*!50001 SET @saved_cs_client          = @@character_set_client */;
/*!50001 SET @saved_cs_results         = @@character_set_results */;
/*!50001 SET @saved_col_connection     = @@collation_connection */;
/*!50001 SET character_set_client      = utf8mb4 */;
/*!50001 SET character_set_results     = utf8mb4 */;
/*!50001 SET collation_connection      = utf8mb4_0900_ai_ci */;
/*!50001 CREATE ALGORITHM=UNDEFINED */
/*!50013 DEFINER=`root`@`localhost` SQL SECURITY DEFINER */
/*!50001 VIEW `current product list` AS select `p`.`ProductID` AS `ProductID`,`p`.`ProductName` AS `ProductName`,`p`.`UnitPrice` AS `UnitPrice`,`p`.`UnitsInStock` AS `UnitsInStock`,`p`.`Picture` AS `Picture`,`p`.`CategoryName` AS `CategoryName`,`d`.`DiscountID` AS `DiscountID`,ifnull(`d`.`DiscountPercent`,0) AS `DiscountPercent` from (`productinfos` `p` left join (`productsdiscounts` `pd` join `currentvaliddiscountpercentagebased` `d` on((`pd`.`DiscountID` = `d`.`DiscountID`))) on((`p`.`ProductID` = `pd`.`ProductID`))) where (`p`.`Discontinued` = 0) */;
/*!50001 SET character_set_client      = @saved_cs_client */;
/*!50001 SET character_set_results     = @saved_cs_results */;
/*!50001 SET collation_connection      = @saved_col_connection */;

--
-- Final view structure for view `current valid discounts`
--

/*!50001 DROP VIEW IF EXISTS `current valid discounts`*/;
/*!50001 SET @saved_cs_client          = @@character_set_client */;
/*!50001 SET @saved_cs_results         = @@character_set_results */;
/*!50001 SET @saved_col_connection     = @@collation_connection */;
/*!50001 SET character_set_client      = utf8mb4 */;
/*!50001 SET character_set_results     = utf8mb4 */;
/*!50001 SET collation_connection      = utf8mb4_0900_ai_ci */;
/*!50001 CREATE ALGORITHM=UNDEFINED */
/*!50013 DEFINER=`root`@`localhost` SQL SECURITY DEFINER */
/*!50001 VIEW `current valid discounts` AS select `d`.`DiscountID` AS `DiscountID`,`d`.`DiscountPercent` AS `DiscountPercent`,`d`.`DiscountCode` AS `DiscountCode`,`d`.`StartDate` AS `StartDate`,`d`.`EndDate` AS `EndDate`,`d`.`Active` AS `Active`,`dt`.`DiscountType` AS `DiscountType` from (`discounts` `d` join `discounttypes` `dt` on((`d`.`DiscountTypeID` = `dt`.`DiscountTypeID`))) where ((cast(now() as datetime) between `d`.`StartDate` and `d`.`EndDate`) and (`d`.`Active` = 1)) */;
/*!50001 SET character_set_client      = @saved_cs_client */;
/*!50001 SET character_set_results     = @saved_cs_results */;
/*!50001 SET collation_connection      = @saved_col_connection */;

--
-- Final view structure for view `currentvaliddiscountpercentagebased`
--

/*!50001 DROP VIEW IF EXISTS `currentvaliddiscountpercentagebased`*/;
/*!50001 SET @saved_cs_client          = @@character_set_client */;
/*!50001 SET @saved_cs_results         = @@character_set_results */;
/*!50001 SET @saved_col_connection     = @@collation_connection */;
/*!50001 SET character_set_client      = utf8mb4 */;
/*!50001 SET character_set_results     = utf8mb4 */;
/*!50001 SET collation_connection      = utf8mb4_0900_ai_ci */;
/*!50001 CREATE ALGORITHM=UNDEFINED */
/*!50013 DEFINER=`root`@`localhost` SQL SECURITY DEFINER */
/*!50001 VIEW `currentvaliddiscountpercentagebased` AS select `d`.`DiscountID` AS `DiscountID`,`d`.`DiscountPercent` AS `DiscountPercent`,`dt`.`DiscountType` AS `DiscountType`,`d`.`DiscountCode` AS `DiscountCode`,`d`.`StartDate` AS `StartDate`,`d`.`EndDate` AS `EndDate`,`d`.`Active` AS `Active` from (`discounts` `d` join `discounttypes` `dt` on((`d`.`DiscountTypeID` = `dt`.`DiscountTypeID`))) where ((`dt`.`DiscountType` = 'percentage-based') and (`d`.`Active` = 1) and (cast(now() as datetime) between `d`.`StartDate` and `d`.`EndDate`)) */;
/*!50001 SET character_set_client      = @saved_cs_client */;
/*!50001 SET character_set_results     = @saved_cs_results */;
/*!50001 SET collation_connection      = @saved_col_connection */;

--
-- Final view structure for view `customerdetails`
--

/*!50001 DROP VIEW IF EXISTS `customerdetails`*/;
/*!50001 SET @saved_cs_client          = @@character_set_client */;
/*!50001 SET @saved_cs_results         = @@character_set_results */;
/*!50001 SET @saved_col_connection     = @@collation_connection */;
/*!50001 SET character_set_client      = utf8mb4 */;
/*!50001 SET character_set_results     = utf8mb4 */;
/*!50001 SET collation_connection      = utf8mb4_0900_ai_ci */;
/*!50001 CREATE ALGORITHM=UNDEFINED */
/*!50013 DEFINER=`root`@`localhost` SQL SECURITY DEFINER */
/*!50001 VIEW `customerdetails` AS select `c`.`CustomerID` AS `CustomerID`,`u`.`UserID` AS `UserID`,`c`.`ContactName` AS `ContactName`,`u`.`Address` AS `Address`,`u`.`Ward` AS `Ward`,`u`.`District` AS `District`,`u`.`City` AS `City`,`u`.`Phone` AS `Phone`,`u`.`Picture` AS `Picture` from (`customers` `c` join `userprofile` `u` on((`c`.`ProfileID` = `u`.`ProfileID`))) */;
/*!50001 SET character_set_client      = @saved_cs_client */;
/*!50001 SET character_set_results     = @saved_cs_results */;
/*!50001 SET collation_connection      = @saved_col_connection */;

--
-- Final view structure for view `discountdetails`
--

/*!50001 DROP VIEW IF EXISTS `discountdetails`*/;
/*!50001 SET @saved_cs_client          = @@character_set_client */;
/*!50001 SET @saved_cs_results         = @@character_set_results */;
/*!50001 SET @saved_col_connection     = @@collation_connection */;
/*!50001 SET character_set_client      = utf8mb4 */;
/*!50001 SET character_set_results     = utf8mb4 */;
/*!50001 SET collation_connection      = utf8mb4_0900_ai_ci */;
/*!50001 CREATE ALGORITHM=UNDEFINED */
/*!50013 DEFINER=`root`@`localhost` SQL SECURITY DEFINER */
/*!50001 VIEW `discountdetails` AS select `d`.`DiscountID` AS `DiscountID`,`d`.`DiscountPercent` AS `DiscountPercent`,`d`.`DiscountCode` AS `DiscountCode`,`d`.`StartDate` AS `StartDate`,`d`.`EndDate` AS `EndDate`,`d`.`Active` AS `Active`,`dt`.`DiscountType` AS `DiscountType`,`dt`.`Description` AS `Description` from (`discounts` `d` join `discounttypes` `dt` on((`d`.`DiscountTypeID` = `dt`.`DiscountTypeID`))) */;
/*!50001 SET character_set_client      = @saved_cs_client */;
/*!50001 SET character_set_results     = @saved_cs_results */;
/*!50001 SET collation_connection      = @saved_col_connection */;

--
-- Final view structure for view `employeedetails`
--

/*!50001 DROP VIEW IF EXISTS `employeedetails`*/;
/*!50001 SET @saved_cs_client          = @@character_set_client */;
/*!50001 SET @saved_cs_results         = @@character_set_results */;
/*!50001 SET @saved_col_connection     = @@collation_connection */;
/*!50001 SET character_set_client      = utf8mb4 */;
/*!50001 SET character_set_results     = utf8mb4 */;
/*!50001 SET collation_connection      = utf8mb4_0900_ai_ci */;
/*!50001 CREATE ALGORITHM=UNDEFINED */
/*!50013 DEFINER=`root`@`localhost` SQL SECURITY DEFINER */
/*!50001 VIEW `employeedetails` AS select `e`.`EmployeeID` AS `EmployeeID`,`u`.`UserID` AS `UserID`,`e`.`BirthDate` AS `BirthDate`,`e`.`HireDate` AS `HireDate`,`u`.`Phone` AS `Phone`,`u`.`Picture` AS `Picture`,`e`.`Title` AS `Title`,`u`.`Address` AS `Address`,`u`.`City` AS `City`,`u`.`District` AS `District`,`u`.`Ward` AS `Ward`,`e`.`Notes` AS `Notes` from (`employees` `e` join `userprofile` `u` on((`e`.`ProfileID` = `u`.`ProfileID`))) */;
/*!50001 SET character_set_client      = @saved_cs_client */;
/*!50001 SET character_set_results     = @saved_cs_results */;
/*!50001 SET collation_connection      = @saved_col_connection */;

--
-- Final view structure for view `existed product list`
--

/*!50001 DROP VIEW IF EXISTS `existed product list`*/;
/*!50001 SET @saved_cs_client          = @@character_set_client */;
/*!50001 SET @saved_cs_results         = @@character_set_results */;
/*!50001 SET @saved_col_connection     = @@collation_connection */;
/*!50001 SET character_set_client      = utf8mb4 */;
/*!50001 SET character_set_results     = utf8mb4 */;
/*!50001 SET collation_connection      = utf8mb4_0900_ai_ci */;
/*!50001 CREATE ALGORITHM=UNDEFINED */
/*!50013 DEFINER=`root`@`localhost` SQL SECURITY DEFINER */
/*!50001 VIEW `existed product list` AS select `p`.`ProductID` AS `ProductID`,`p`.`ProductName` AS `ProductName`,`p`.`UnitPrice` AS `UnitPrice`,`p`.`UnitsInStock` AS `UnitsInStock`,`p`.`Picture` AS `Picture`,`p`.`CategoryName` AS `CategoryName`,`d`.`DiscountID` AS `DiscountID`,ifnull(`d`.`DiscountPercent`,0) AS `DiscountPercent`,`p`.`Discontinued` AS `Discontinued` from (`productinfos` `p` left join (`productsdiscounts` `pd` join `currentvaliddiscountpercentagebased` `d` on((`pd`.`DiscountID` = `d`.`DiscountID`))) on((`p`.`ProductID` = `pd`.`ProductID`))) */;
/*!50001 SET character_set_client      = @saved_cs_client */;
/*!50001 SET character_set_results     = @saved_cs_results */;
/*!50001 SET collation_connection      = @saved_col_connection */;

--
-- Final view structure for view `invoices`
--

/*!50001 DROP VIEW IF EXISTS `invoices`*/;
/*!50001 SET @saved_cs_client          = @@character_set_client */;
/*!50001 SET @saved_cs_results         = @@character_set_results */;
/*!50001 SET @saved_col_connection     = @@collation_connection */;
/*!50001 SET character_set_client      = utf8mb4 */;
/*!50001 SET character_set_results     = utf8mb4 */;
/*!50001 SET collation_connection      = utf8mb4_0900_ai_ci */;
/*!50001 CREATE ALGORITHM=UNDEFINED */
/*!50013 DEFINER=`root`@`localhost` SQL SECURITY DEFINER */
/*!50001 VIEW `invoices` AS select `o`.`ShipName` AS `ShipName`,`o`.`ShipAddress` AS `ShipAddress`,`o`.`ShipCity` AS `ShipCity`,`o`.`ShipDistrict` AS `ShipDistrict`,`o`.`ShipWard` AS `ShipWard`,`o`.`Phone` AS `Phone`,`o`.`CustomerID` AS `CustomerID`,`o`.`EmployeeID` AS `EmployeeID`,`o`.`OrderID` AS `OrderID`,`o`.`OrderDate` AS `OrderDate`,`o`.`RequiredDate` AS `RequiredDate`,`o`.`ShippedDate` AS `ShippedDate`,`o`.`ShipVia` AS `ShipperID`,`ode`.`ProductID` AS `ProductID`,`ode`.`UnitPrice` AS `UnitPrice`,`ode`.`Quantity` AS `Quantity`,`ode`.`ExtendedPrice` AS `ExtendedPrice`,ifnull(`o`.`Freight`,0) AS `Freight`,`o`.`Status` AS `Status`,`odd`.`DiscountID` AS `DiscountID`,ifnull(`odd`.`DiscountPercent`,0) AS `DiscountPercent`,`m`.`methodname` AS `PaymentMethod` from ((((`orders` `o` join `orderdetailsextended` `ode` on((`o`.`OrderID` = `ode`.`OrderID`))) left join `orderdetailsdiscounts` `odd` on(((`odd`.`OrderID` = `ode`.`OrderID`) and (`odd`.`ProductID` = `ode`.`ProductID`)))) join `payments` `p`) join `paymentmethods` `m`) where ((`p`.`orderid` = `o`.`OrderID`) and (`p`.`methodid` = `m`.`methodid`)) */;
/*!50001 SET character_set_client      = @saved_cs_client */;
/*!50001 SET character_set_results     = @saved_cs_results */;
/*!50001 SET collation_connection      = @saved_col_connection */;

--
-- Final view structure for view `notificationdetails`
--

/*!50001 DROP VIEW IF EXISTS `notificationdetails`*/;
/*!50001 SET @saved_cs_client          = @@character_set_client */;
/*!50001 SET @saved_cs_results         = @@character_set_results */;
/*!50001 SET @saved_col_connection     = @@collation_connection */;
/*!50001 SET character_set_client      = utf8mb4 */;
/*!50001 SET character_set_results     = utf8mb4 */;
/*!50001 SET collation_connection      = utf8mb4_0900_ai_ci */;
/*!50001 CREATE ALGORITHM=UNDEFINED */
/*!50013 DEFINER=`root`@`localhost` SQL SECURITY DEFINER */
/*!50001 VIEW `notificationdetails` AS select `n`.`NotificationID` AS `NotificationID`,`n`.`Title` AS `Title`,`n`.`Message` AS `Message`,`n`.`SenderID` AS `SenderID`,`n`.`ReceiverID` AS `ReceiverID`,`t`.`TopicName` AS `Topic`,`n`.`Status` AS `Status`,ifnull(`nu`.`IsRead`,0) AS `IsRead`,`n`.`Time` AS `Time`,`n`.`Picture` AS `Picture`,`n`.`RepliedTo` AS `RepliedTo` from ((`notifications` `n` join `topics` `t` on((`n`.`TopicID` = `t`.`TopicID`))) left join `notificationuser` `nu` on((`nu`.`NotificationID` = `n`.`NotificationID`))) */;
/*!50001 SET character_set_client      = @saved_cs_client */;
/*!50001 SET character_set_results     = @saved_cs_results */;
/*!50001 SET collation_connection      = @saved_col_connection */;

--
-- Final view structure for view `orderdetailsdiscountsum`
--

/*!50001 DROP VIEW IF EXISTS `orderdetailsdiscountsum`*/;
/*!50001 SET @saved_cs_client          = @@character_set_client */;
/*!50001 SET @saved_cs_results         = @@character_set_results */;
/*!50001 SET @saved_col_connection     = @@collation_connection */;
/*!50001 SET character_set_client      = utf8mb4 */;
/*!50001 SET character_set_results     = utf8mb4 */;
/*!50001 SET collation_connection      = utf8mb4_0900_ai_ci */;
/*!50001 CREATE ALGORITHM=UNDEFINED */
/*!50013 DEFINER=`root`@`localhost` SQL SECURITY DEFINER */
/*!50001 VIEW `orderdetailsdiscountsum` AS select `od`.`OrderID` AS `OrderID`,`od`.`ProductID` AS `ProductID`,count(`odd`.`DiscountID`) AS `NumberOfDiscounts`,ifnull(sum(`odd`.`DiscountPercent`),0) AS `TotalDiscount`,`od`.`UnitPrice` AS `UnitPrice`,`od`.`Quantity` AS `Quantity` from (`orderdetails` `od` left join `orderdetailsdiscounts` `odd` on(((`od`.`OrderID` = `odd`.`OrderID`) and (`od`.`ProductID` = `odd`.`ProductID`)))) group by `od`.`OrderID`,`od`.`ProductID`,`od`.`UnitPrice`,`od`.`Quantity` */;
/*!50001 SET character_set_client      = @saved_cs_client */;
/*!50001 SET character_set_results     = @saved_cs_results */;
/*!50001 SET collation_connection      = @saved_col_connection */;

--
-- Final view structure for view `orderdetailsextended`
--

/*!50001 DROP VIEW IF EXISTS `orderdetailsextended`*/;
/*!50001 SET @saved_cs_client          = @@character_set_client */;
/*!50001 SET @saved_cs_results         = @@character_set_results */;
/*!50001 SET @saved_col_connection     = @@collation_connection */;
/*!50001 SET character_set_client      = utf8mb4 */;
/*!50001 SET character_set_results     = utf8mb4 */;
/*!50001 SET collation_connection      = utf8mb4_0900_ai_ci */;
/*!50001 CREATE ALGORITHM=UNDEFINED */
/*!50013 DEFINER=`root`@`localhost` SQL SECURITY DEFINER */
/*!50001 VIEW `orderdetailsextended` AS select `ode`.`OrderID` AS `OrderID`,`ode`.`ProductID` AS `ProductID`,`ode`.`UnitPrice` AS `UnitPrice`,`ode`.`Quantity` AS `Quantity`,`ode`.`TotalDiscount` AS `Discount`,cast(((`ode`.`UnitPrice` * `ode`.`Quantity`) * (1 - (`ode`.`TotalDiscount` / 100))) as decimal(10,2)) AS `ExtendedPrice`,`o`.`Status` AS `Status`,`o`.`Freight` AS `Freight`,`o`.`CustomerID` AS `CustomerID`,`o`.`EmployeeID` AS `EmployeeID` from (`orderdetailsdiscountsum` `ode` join `orders` `o` on((`o`.`OrderID` = `ode`.`OrderID`))) */;
/*!50001 SET character_set_client      = @saved_cs_client */;
/*!50001 SET character_set_results     = @saved_cs_results */;
/*!50001 SET collation_connection      = @saved_col_connection */;

--
-- Final view structure for view `productdetails`
--

/*!50001 DROP VIEW IF EXISTS `productdetails`*/;
/*!50001 SET @saved_cs_client          = @@character_set_client */;
/*!50001 SET @saved_cs_results         = @@character_set_results */;
/*!50001 SET @saved_col_connection     = @@collation_connection */;
/*!50001 SET character_set_client      = utf8mb4 */;
/*!50001 SET character_set_results     = utf8mb4 */;
/*!50001 SET collation_connection      = utf8mb4_0900_ai_ci */;
/*!50001 CREATE ALGORITHM=UNDEFINED */
/*!50013 DEFINER=`root`@`localhost` SQL SECURITY DEFINER */
/*!50001 VIEW `productdetails` AS select `p`.`ProductID` AS `ProductID`,`p`.`ProductName` AS `ProductName`,`p`.`CategoryID` AS `CategoryID`,`p`.`QuantityPerUnit` AS `QuantityPerUnit`,`p`.`UnitPrice` AS `UnitPrice`,`p`.`UnitsInStock` AS `UnitsInStock`,`p`.`Discontinued` AS `Discontinued`,`p`.`Picture` AS `Picture`,`p`.`Description` AS `Description`,`p`.`CategoryName` AS `CategoryName`,`d`.`DiscountID` AS `DiscountID`,ifnull(`d`.`DiscountPercent`,0) AS `DiscountPercent`,`d`.`StartDate` AS `StartDate`,`d`.`EndDate` AS `EndDate` from (`productinfos` `p` left join (`productsdiscounts` `pd` join `currentvaliddiscountpercentagebased` `d` on((`pd`.`DiscountID` = `d`.`DiscountID`))) on((`p`.`ProductID` = `pd`.`ProductID`))) */;
/*!50001 SET character_set_client      = @saved_cs_client */;
/*!50001 SET character_set_results     = @saved_cs_results */;
/*!50001 SET collation_connection      = @saved_col_connection */;

--
-- Final view structure for view `productinfos`
--

/*!50001 DROP VIEW IF EXISTS `productinfos`*/;
/*!50001 SET @saved_cs_client          = @@character_set_client */;
/*!50001 SET @saved_cs_results         = @@character_set_results */;
/*!50001 SET @saved_col_connection     = @@collation_connection */;
/*!50001 SET character_set_client      = utf8mb4 */;
/*!50001 SET character_set_results     = utf8mb4 */;
/*!50001 SET collation_connection      = utf8mb4_0900_ai_ci */;
/*!50001 CREATE ALGORITHM=UNDEFINED */
/*!50013 DEFINER=`root`@`localhost` SQL SECURITY DEFINER */
/*!50001 VIEW `productinfos` AS select `p`.`ProductID` AS `ProductID`,`p`.`ProductName` AS `ProductName`,`p`.`CategoryID` AS `CategoryID`,`p`.`QuantityPerUnit` AS `QuantityPerUnit`,`p`.`UnitPrice` AS `UnitPrice`,`p`.`UnitsInStock` AS `UnitsInStock`,`p`.`Discontinued` AS `Discontinued`,`p`.`Picture` AS `Picture`,`p`.`Description` AS `Description`,`c`.`CategoryName` AS `CategoryName` from (`products` `p` left join `categories` `c` on((`p`.`CategoryID` = `c`.`CategoryID`))) */;
/*!50001 SET character_set_client      = @saved_cs_client */;
/*!50001 SET character_set_results     = @saved_cs_results */;
/*!50001 SET collation_connection      = @saved_col_connection */;

--
-- Final view structure for view `products by category`
--

/*!50001 DROP VIEW IF EXISTS `products by category`*/;
/*!50001 SET @saved_cs_client          = @@character_set_client */;
/*!50001 SET @saved_cs_results         = @@character_set_results */;
/*!50001 SET @saved_col_connection     = @@collation_connection */;
/*!50001 SET character_set_client      = utf8mb4 */;
/*!50001 SET character_set_results     = utf8mb4 */;
/*!50001 SET collation_connection      = utf8mb4_0900_ai_ci */;
/*!50001 CREATE ALGORITHM=UNDEFINED */
/*!50013 DEFINER=`root`@`localhost` SQL SECURITY DEFINER */
/*!50001 VIEW `products by category` AS select `c`.`CategoryName` AS `CategoryName`,`p`.`ProductName` AS `ProductName`,`p`.`QuantityPerUnit` AS `QuantityPerUnit`,`p`.`UnitsInStock` AS `UnitsInStock`,`p`.`Discontinued` AS `Discontinued` from (`categories` `c` join `productinfos` `p` on((`c`.`CategoryID` = `p`.`CategoryID`))) where (`p`.`Discontinued` <> 1) */;
/*!50001 SET character_set_client      = @saved_cs_client */;
/*!50001 SET character_set_results     = @saved_cs_results */;
/*!50001 SET collation_connection      = @saved_col_connection */;

--
-- Final view structure for view `productsizeinfo`
--

/*!50001 DROP VIEW IF EXISTS `productsizeinfo`*/;
/*!50001 SET @saved_cs_client          = @@character_set_client */;
/*!50001 SET @saved_cs_results         = @@character_set_results */;
/*!50001 SET @saved_col_connection     = @@collation_connection */;
/*!50001 SET character_set_client      = utf8mb4 */;
/*!50001 SET character_set_results     = utf8mb4 */;
/*!50001 SET collation_connection      = utf8mb4_0900_ai_ci */;
/*!50001 CREATE ALGORITHM=UNDEFINED */
/*!50013 DEFINER=`root`@`%` SQL SECURITY DEFINER */
/*!50001 VIEW `productsizeinfo` AS select `pi`.`ProductID` AS `ProductID`,`pi`.`ProductName` AS `ProductName`,`pi`.`CategoryID` AS `CategoryID`,`pi`.`QuantityPerUnit` AS `QuantityPerUnit`,`pi`.`UnitPrice` AS `UnitPrice`,`pi`.`UnitsInStock` AS `UnitsInStock`,`pi`.`Discontinued` AS `Discontinued`,`pi`.`Picture` AS `Picture`,`pi`.`Description` AS `Description`,`pi`.`CategoryName` AS `CategoryName`,`s`.`height` AS `Height`,`s`.`width` AS `Width`,`s`.`length` AS `Length`,`s`.`weight` AS `Weight` from (`productinfos` `pi` join `productsize` `s` on((`pi`.`ProductID` = `s`.`productid`))) */;
/*!50001 SET character_set_client      = @saved_cs_client */;
/*!50001 SET character_set_results     = @saved_cs_results */;
/*!50001 SET collation_connection      = @saved_col_connection */;

--
-- Final view structure for view `userdetails`
--

/*!50001 DROP VIEW IF EXISTS `userdetails`*/;
/*!50001 SET @saved_cs_client          = @@character_set_client */;
/*!50001 SET @saved_cs_results         = @@character_set_results */;
/*!50001 SET @saved_col_connection     = @@collation_connection */;
/*!50001 SET character_set_client      = utf8mb4 */;
/*!50001 SET character_set_results     = utf8mb4 */;
/*!50001 SET collation_connection      = utf8mb4_0900_ai_ci */;
/*!50001 CREATE ALGORITHM=UNDEFINED */
/*!50013 DEFINER=`root`@`localhost` SQL SECURITY DEFINER */
/*!50001 VIEW `userdetails` AS select `ur`.`UserID` AS `UserID`,`ur`.`Username` AS `Username`,`ur`.`Email` AS `Email`,`ur`.`RoleID` AS `RoleID`,`ur`.`Rolename` AS `Rolename`,`u`.`FirstName` AS `FirstName`,`u`.`LastName` AS `LastName`,`p`.`Picture` AS `Picture`,`u`.`EmailVerified` AS `EmailVerified`,`u`.`Enabled` AS `Enabled` from ((`userroles` `ur` join `users` `u`) join `userprofile` `p`) where ((`ur`.`UserID` = `u`.`UserID`) and (`u`.`UserID` = `p`.`UserID`)) */;
/*!50001 SET character_set_client      = @saved_cs_client */;
/*!50001 SET character_set_results     = @saved_cs_results */;
/*!50001 SET collation_connection      = @saved_col_connection */;

--
-- Final view structure for view `userroles`
--

/*!50001 DROP VIEW IF EXISTS `userroles`*/;
/*!50001 SET @saved_cs_client          = @@character_set_client */;
/*!50001 SET @saved_cs_results         = @@character_set_results */;
/*!50001 SET @saved_col_connection     = @@collation_connection */;
/*!50001 SET character_set_client      = utf8mb4 */;
/*!50001 SET character_set_results     = utf8mb4 */;
/*!50001 SET collation_connection      = utf8mb4_0900_ai_ci */;
/*!50001 CREATE ALGORITHM=UNDEFINED */
/*!50013 DEFINER=`root`@`localhost` SQL SECURITY DEFINER */
/*!50001 VIEW `userroles` AS select `u`.`UserID` AS `UserID`,`u`.`Username` AS `Username`,`u`.`Email` AS `Email`,`r`.`RoleID` AS `RoleID`,`r`.`Rolename` AS `Rolename` from ((`users` `u` left join `userrole` `ur` on((`u`.`UserID` = `ur`.`UserID`))) join `roles` `r` on((`ur`.`RoleID` = `r`.`RoleID`))) */;
/*!50001 SET character_set_client      = @saved_cs_client */;
/*!50001 SET character_set_results     = @saved_cs_results */;
/*!50001 SET collation_connection      = @saved_col_connection */;
/*!40103 SET TIME_ZONE=@OLD_TIME_ZONE */;

/*!40101 SET SQL_MODE=@OLD_SQL_MODE */;
/*!40014 SET FOREIGN_KEY_CHECKS=@OLD_FOREIGN_KEY_CHECKS */;
/*!40014 SET UNIQUE_CHECKS=@OLD_UNIQUE_CHECKS */;
/*!40101 SET CHARACTER_SET_CLIENT=@OLD_CHARACTER_SET_CLIENT */;
/*!40101 SET CHARACTER_SET_RESULTS=@OLD_CHARACTER_SET_RESULTS */;
/*!40101 SET COLLATION_CONNECTION=@OLD_COLLATION_CONNECTION */;
/*!40111 SET SQL_NOTES=@OLD_SQL_NOTES */;

-- Dump completed on 2024-10-14 11:05:46
